State,Measure,Year,Value
Alabama,Bridges,2010,16018
Alaska,Bridges,2010,1134
Arizona,Bridges,2010,7579
Arkansas,Bridges,2010,12587
California,Bridges,2010,24558
Colorado,Bridges,2010,8506
Connecticut,Bridges,2010,4191
Delaware,Bridges,2010,861
District of Columbia,Bridges,2010,244
Florida,Bridges,2010,11912
Georgia,Bridges,2010,14670
Hawaii,Bridges,2010,1137
Idaho,Bridges,2010,4132
Illinois,Bridges,2010,26337
Indiana,Bridges,2010,18548
Iowa,Bridges,2010,24731
Kansas,Bridges,2010,25329
Kentucky,Bridges,2010,13849
Louisiana,Bridges,2010,13361
Maine,Bridges,2010,2393
Maryland,Bridges,2010,5195
Massachusetts,Bridges,2010,5113
Michigan,Bridges,2010,10928
Minnesota,Bridges,2010,13108
Mississippi,Bridges,2010,17065
Missouri,Bridges,2010,24245
Montana,Bridges,2010,5119
Nebraska,Bridges,2010,15376
Nevada,Bridges,2010,1753
New Hampshire,Bridges,2010,2409
New Jersey,Bridges,2010,6520
New Mexico,Bridges,2010,3903
New York,Bridges,2010,17365
North Carolina,Bridges,2010,18099
North Dakota,Bridges,2010,4418
Ohio,Bridges,2010,28033
Oklahoma,Bridges,2010,23692
Oregon,Bridges,2010,7255
Pennsylvania,Bridges,2010,22362
Rhode Island,Bridges,2010,757
South Carolina,Bridges,2010,9252
South Dakota,Bridges,2010,5891
Tennessee,Bridges,2010,19892
Texas,Bridges,2010,51454
Utah,Bridges,2010,2911
Vermont,Bridges,2010,2712
Virginia,Bridges,2010,13522
Washington,Bridges,2010,7755
West Virginia,Bridges,2010,7069
Wisconsin,Bridges,2010,13982
Wyoming,Bridges,2010,3060
Puerto Rico,Bridges,2010,2201
United States,Bridges,2010,602292
Alabama,Bridges,2011,16061
Alaska,Bridges,2011,1156
Arizona,Bridges,2011,7739
Arkansas,Bridges,2011,12641
California,Bridges,2011,24609
Colorado,Bridges,2011,8551
Connecticut,Bridges,2011,4200
Delaware,Bridges,2011,857
District of Columbia,Bridges,2011,245
Florida,Bridges,2011,11986
Georgia,Bridges,2011,14694
Hawaii,Bridges,2011,1132
Idaho,Bridges,2011,4164
Illinois,Bridges,2011,26436
Indiana,Bridges,2011,18640
Iowa,Bridges,2011,24537
Kansas,Bridges,2011,25233
Kentucky,Bridges,2011,13948
Louisiana,Bridges,2011,13153
Maine,Bridges,2011,2402
Maryland,Bridges,2011,5214
Massachusetts,Bridges,2011,5099
Michigan,Bridges,2011,10957
Minnesota,Bridges,2011,13117
Mississippi,Bridges,2011,17032
Missouri,Bridges,2011,24286
Montana,Bridges,2011,5097
Nebraska,Bridges,2011,15395
Nevada,Bridges,2011,1783
New Hampshire,Bridges,2011,2423
New Jersey,Bridges,2011,6514
New Mexico,Bridges,2011,3932
New York,Bridges,2011,17384
North Carolina,Bridges,2011,18214
North Dakota,Bridges,2011,4410
Ohio,Bridges,2011,27403
Oklahoma,Bridges,2011,23730
Oregon,Bridges,2011,7353
Pennsylvania,Bridges,2011,22320
Rhode Island,Bridges,2011,751
South Carolina,Bridges,2011,9270
South Dakota,Bridges,2011,5877
Tennessee,Bridges,2011,19937
Texas,Bridges,2011,51878
Utah,Bridges,2011,2946
Vermont,Bridges,2011,2717
Virginia,Bridges,2011,13524
Washington,Bridges,2011,7743
West Virginia,Bridges,2011,7099
Wisconsin,Bridges,2011,14024
Wyoming,Bridges,2011,3068
Puerto Rico,Bridges,2011,2222
United States,Bridges,2011,602881
Alabama,Bridges,2012,16070
Alaska,Bridges,2012,1173
Arizona,Bridges,2012,7835
Arkansas,Bridges,2012,12696
California,Bridges,2012,24812
Colorado,Bridges,2012,8591
Connecticut,Bridges,2012,4208
Delaware,Bridges,2012,862
District of Columbia,Bridges,2012,239
Florida,Bridges,2012,11982
Georgia,Bridges,2012,14739
Hawaii,Bridges,2012,1131
Idaho,Bridges,2012,4214
Illinois,Bridges,2012,26514
Indiana,Bridges,2012,18789
Iowa,Bridges,2012,24496
Kansas,Bridges,2012,25176
Kentucky,Bridges,2012,14031
Louisiana,Bridges,2012,13175
Maine,Bridges,2012,2408
Maryland,Bridges,2012,5294
Massachusetts,Bridges,2012,5120
Michigan,Bridges,2012,11000
Minnesota,Bridges,2012,13121
Mississippi,Bridges,2012,17061
Missouri,Bridges,2012,24334
Montana,Bridges,2012,5120
Nebraska,Bridges,2012,15393
Nevada,Bridges,2012,1798
New Hampshire,Bridges,2012,2429
New Jersey,Bridges,2012,6554
New Mexico,Bridges,2012,3924
New York,Bridges,2012,17420
North Carolina,Bridges,2012,18165
North Dakota,Bridges,2012,4453
Ohio,Bridges,2012,27045
Oklahoma,Bridges,2012,23781
Oregon,Bridges,2012,7633
Pennsylvania,Bridges,2012,22669
Rhode Island,Bridges,2012,757
South Carolina,Bridges,2012,9271
South Dakota,Bridges,2012,5870
Tennessee,Bridges,2012,19985
Texas,Bridges,2012,52260
Utah,Bridges,2012,2947
Vermont,Bridges,2012,2727
Virginia,Bridges,2012,13769
Washington,Bridges,2012,7840
West Virginia,Bridges,2012,7093
Wisconsin,Bridges,2012,14057
Wyoming,Bridges,2012,3101
Puerto Rico,Bridges,2012,2248
United States,Bridges,2012,605132
Alabama,Bridges,2013,16078
Alaska,Bridges,2013,1196
Arizona,Bridges,2013,7862
Arkansas,Bridges,2013,12748
California,Bridges,2013,24955
Colorado,Bridges,2013,8612
Connecticut,Bridges,2013,4218
Delaware,Bridges,2013,864
District of Columbia,Bridges,2013,252
Florida,Bridges,2013,12070
Georgia,Bridges,2013,14769
Hawaii,Bridges,2013,1125
Idaho,Bridges,2013,4232
Illinois,Bridges,2013,26621
Indiana,Bridges,2013,18953
Iowa,Bridges,2013,24398
Kansas,Bridges,2013,25171
Kentucky,Bridges,2013,14116
Louisiana,Bridges,2013,13050
Maine,Bridges,2013,2402
Maryland,Bridges,2013,5291
Massachusetts,Bridges,2013,5136
Michigan,Bridges,2013,11022
Minnesota,Bridges,2013,13137
Mississippi,Bridges,2013,17044
Missouri,Bridges,2013,24350
Montana,Bridges,2013,5126
Nebraska,Bridges,2013,15370
Nevada,Bridges,2013,1853
New Hampshire,Bridges,2013,2438
New Jersey,Bridges,2013,6566
New Mexico,Bridges,2013,3935
New York,Bridges,2013,17442
North Carolina,Bridges,2013,18168
North Dakota,Bridges,2013,4439
Ohio,Bridges,2013,27015
Oklahoma,Bridges,2013,22912
Oregon,Bridges,2013,7656
Pennsylvania,Bridges,2013,22660
Rhode Island,Bridges,2013,766
South Carolina,Bridges,2013,9275
South Dakota,Bridges,2013,5875
Tennessee,Bridges,2013,20058
Texas,Bridges,2013,52561
Utah,Bridges,2013,2974
Vermont,Bridges,2013,2731
Virginia,Bridges,2013,13765
Washington,Bridges,2013,7902
West Virginia,Bridges,2013,7125
Wisconsin,Bridges,2013,14088
Wyoming,Bridges,2013,3099
Puerto Rico,Bridges,2013,2280
United States,Bridges,2013,605471
Alabama,Bridges,2014,16088
Alaska,Bridges,2014,1544
Arizona,Bridges,2014,8035
Arkansas,Bridges,2014,12806
California,Bridges,2014,25406
Colorado,Bridges,2014,8668
Connecticut,Bridges,2014,4218
Delaware,Bridges,2014,865
District of Columbia,Bridges,2014,253
Florida,Bridges,2014,12137
Georgia,Bridges,2014,14795
Hawaii,Bridges,2014,1137
Idaho,Bridges,2014,4431
Illinois,Bridges,2014,26588
Indiana,Bridges,2014,19019
Iowa,Bridges,2014,24300
Kansas,Bridges,2014,25085
Kentucky,Bridges,2014,14194
Louisiana,Bridges,2014,12982
Maine,Bridges,2014,2419
Maryland,Bridges,2014,5305
Massachusetts,Bridges,2014,5141
Michigan,Bridges,2014,11072
Minnesota,Bridges,2014,12961
Mississippi,Bridges,2014,17091
Missouri,Bridges,2014,24385
Montana,Bridges,2014,5251
Nebraska,Bridges,2014,15374
Nevada,Bridges,2014,1898
New Hampshire,Bridges,2014,2467
New Jersey,Bridges,2014,6609
New Mexico,Bridges,2014,3951
New York,Bridges,2014,17456
North Carolina,Bridges,2014,18117
North Dakota,Bridges,2014,4429
Ohio,Bridges,2014,26986
Oklahoma,Bridges,2014,23147
Oregon,Bridges,2014,8052
Pennsylvania,Bridges,2014,22691
Rhode Island,Bridges,2014,766
South Carolina,Bridges,2014,9338
South Dakota,Bridges,2014,5872
Tennessee,Bridges,2014,20077
Texas,Bridges,2014,52937
Utah,Bridges,2014,3014
Vermont,Bridges,2014,2745
Virginia,Bridges,2014,13800
Washington,Bridges,2014,8120
West Virginia,Bridges,2014,7187
Wisconsin,Bridges,2014,14109
Wyoming,Bridges,2014,3127
Puerto Rico,Bridges,2014,2304
United States,Bridges,2014,608445
Alabama,Bridges,2015,16095
Alaska,Bridges,2015,1493
Arizona,Bridges,2015,8056
Arkansas,Bridges,2015,12853
California,Bridges,2015,25318
Colorado,Bridges,2015,8624
Connecticut,Bridges,2015,4225
Delaware,Bridges,2015,875
District of Columbia,Bridges,2015,254
Florida,Bridges,2015,12198
Georgia,Bridges,2015,14790
Hawaii,Bridges,2015,1142
Idaho,Bridges,2015,4369
Illinois,Bridges,2015,26674
Indiana,Bridges,2015,19145
Iowa,Bridges,2015,24242
Kansas,Bridges,2015,25047
Kentucky,Bridges,2015,14261
Louisiana,Bridges,2015,13012
Maine,Bridges,2015,2431
Maryland,Bridges,2015,5313
Massachusetts,Bridges,2015,5167
Michigan,Bridges,2015,11086
Minnesota,Bridges,2015,13301
Mississippi,Bridges,2015,17057
Missouri,Bridges,2015,24398
Montana,Bridges,2015,5243
Nebraska,Bridges,2015,15341
Nevada,Bridges,2015,1919
New Hampshire,Bridges,2015,2470
New Jersey,Bridges,2015,6686
New Mexico,Bridges,2015,3960
New York,Bridges,2015,17461
North Carolina,Bridges,2015,18124
North Dakota,Bridges,2015,4401
Ohio,Bridges,2015,27104
Oklahoma,Bridges,2015,23049
Oregon,Bridges,2015,8037
Pennsylvania,Bridges,2015,22783
Rhode Island,Bridges,2015,766
South Carolina,Bridges,2015,9344
South Dakota,Bridges,2015,5866
Tennessee,Bridges,2015,20106
Texas,Bridges,2015,53209
Utah,Bridges,2015,3019
Vermont,Bridges,2015,2749
Virginia,Bridges,2015,13884
Washington,Bridges,2015,8158
West Virginia,Bridges,2015,7215
Wisconsin,Bridges,2015,14134
Wyoming,Bridges,2015,3085
Puerto Rico,Bridges,2015,2306
United States,Bridges,2015,609539
Alabama,Bridges,2016,16098
Alaska,Bridges,2016,1488
Arizona,Bridges,2016,8154
Arkansas,Bridges,2016,12871
California,Bridges,2016,25431
Colorado,Bridges,2016,8682
Connecticut,Bridges,2016,4214
Delaware,Bridges,2016,877
District of Columbia,Bridges,2016,245
Florida,Bridges,2016,12313
Georgia,Bridges,2016,14835
Hawaii,Bridges,2016,1132
Idaho,Bridges,2016,4445
Illinois,Bridges,2016,26704
Indiana,Bridges,2016,19245
Iowa,Bridges,2016,24184
Kansas,Bridges,2016,25013
Kentucky,Bridges,2016,14265
Louisiana,Bridges,2016,12915
Maine,Bridges,2016,2450
Maryland,Bridges,2016,5321
Massachusetts,Bridges,2016,5171
Michigan,Bridges,2016,11156
Minnesota,Bridges,2016,13355
Mississippi,Bridges,2016,17068
Missouri,Bridges,2016,24468
Montana,Bridges,2016,5276
Nebraska,Bridges,2016,15334
Nevada,Bridges,2016,1933
New Hampshire,Bridges,2016,2486
New Jersey,Bridges,2016,6730
New Mexico,Bridges,2016,3973
New York,Bridges,2016,17462
North Carolina,Bridges,2016,18099
North Dakota,Bridges,2016,4400
Ohio,Bridges,2016,28284
Oklahoma,Bridges,2016,23053
Oregon,Bridges,2016,8118
Pennsylvania,Bridges,2016,22791
Rhode Island,Bridges,2016,772
South Carolina,Bridges,2016,9358
South Dakota,Bridges,2016,5849
Tennessee,Bridges,2016,20123
Texas,Bridges,2016,53488
Utah,Bridges,2016,3039
Vermont,Bridges,2016,2766
Virginia,Bridges,2016,13892
Washington,Bridges,2016,8178
West Virginia,Bridges,2016,7217
Wisconsin,Bridges,2016,14230
Wyoming,Bridges,2016,3128
Puerto Rico,Bridges,2016,2308
United States,Bridges,2016,612079
Alabama,Bridges,2017,16129
Alaska,Bridges,2017,1569
Arizona,Bridges,2017,8289
Arkansas,Bridges,2017,12864
California,Bridges,2017,25657
Colorado,Bridges,2017,8717
Connecticut,Bridges,2017,4238
Delaware,Bridges,2017,879
District of Columbia,Bridges,2017,245
Florida,Bridges,2017,12355
Georgia,Bridges,2017,14863
Hawaii,Bridges,2017,1135
Idaho,Bridges,2017,4492
Illinois,Bridges,2017,26775
Indiana,Bridges,2017,19291
Iowa,Bridges,2017,24215
Kansas,Bridges,2017,25001
Kentucky,Bridges,2017,14280
Louisiana,Bridges,2017,12910
Maine,Bridges,2017,2458
Maryland,Bridges,2017,5335
Massachusetts,Bridges,2017,5192
Michigan,Bridges,2017,11180
Minnesota,Bridges,2017,13329
Mississippi,Bridges,2017,17072
Missouri,Bridges,2017,24487
Montana,Bridges,2017,5302
Nebraska,Bridges,2017,15330
Nevada,Bridges,2017,1944
New Hampshire,Bridges,2017,2479
New Jersey,Bridges,2017,6737
New Mexico,Bridges,2017,3999
New York,Bridges,2017,17456
North Carolina,Bridges,2017,18183
North Dakota,Bridges,2017,4377
Ohio,Bridges,2017,27345
Oklahoma,Bridges,2017,23071
Oregon,Bridges,2017,8147
Pennsylvania,Bridges,2017,22779
Rhode Island,Bridges,2017,778
South Carolina,Bridges,2017,9341
South Dakota,Bridges,2017,5818
Tennessee,Bridges,2017,20169
Texas,Bridges,2017,53869
Utah,Bridges,2017,3051
Vermont,Bridges,2017,2772
Virginia,Bridges,2017,13932
Washington,Bridges,2017,8233
West Virginia,Bridges,2017,7228
Wisconsin,Bridges,2017,14253
Wyoming,Bridges,2017,3127
Puerto Rico,Bridges,2017,2325
United States,Bridges,2017,612677
Alabama,Bridges,2018,16130
Alaska,Bridges,2018,1592
Arizona,Bridges,2018,8294
Arkansas,Bridges,2018,12892
California,Bridges,2018,25737
Colorado,Bridges,2018,8786
Connecticut,Bridges,2018,4270
Delaware,Bridges,2018,863
District of Columbia,Bridges,2018,244
Florida,Bridges,2018,12435
Georgia,Bridges,2018,14879
Hawaii,Bridges,2018,1137
Idaho,Bridges,2018,4482
Illinois,Bridges,2018,26809
Indiana,Bridges,2018,19280
Iowa,Bridges,2018,24123
Kansas,Bridges,2018,24906
Kentucky,Bridges,2018,14368
Louisiana,Bridges,2018,12899
Maine,Bridges,2018,2473
Maryland,Bridges,2018,5357
Massachusetts,Bridges,2018,5215
Michigan,Bridges,2018,11228
Minnesota,Bridges,2018,13358
Mississippi,Bridges,2018,17071
Missouri,Bridges,2018,24512
Montana,Bridges,2018,5265
Nebraska,Bridges,2018,15349
Nevada,Bridges,2018,1979
New Hampshire,Bridges,2018,2494
New Jersey,Bridges,2018,6746
New Mexico,Bridges,2018,4010
New York,Bridges,2018,17521
North Carolina,Bridges,2018,18377
North Dakota,Bridges,2018,4355
Ohio,Bridges,2018,27277
Oklahoma,Bridges,2018,23116
Oregon,Bridges,2018,8161
Pennsylvania,Bridges,2018,22737
Rhode Island,Bridges,2018,780
South Carolina,Bridges,2018,9401
South Dakota,Bridges,2018,5824
Tennessee,Bridges,2018,20177
Texas,Bridges,2018,54131
Utah,Bridges,2018,3061
Vermont,Bridges,2018,2778
Virginia,Bridges,2018,13931
Washington,Bridges,2018,8278
West Virginia,Bridges,2018,7269
Wisconsin,Bridges,2018,14275
Wyoming,Bridges,2018,3129
Guam,Bridges,2018,10
Puerto Rico,Bridges,2018,2325
United States,Bridges,2018,613761
Alabama,Bridges,2019,16162
Alaska,Bridges,2019,1595
Arizona,Bridges,2019,8320
Arkansas,Bridges,2019,12902
California,Bridges,2019,25771
Colorado,Bridges,2019,8785
Connecticut,Bridges,2019,4336
Delaware,Bridges,2019,879
District of Columbia,Bridges,2019,244
Florida,Bridges,2019,12518
Georgia,Bridges,2019,14940
Hawaii,Bridges,2019,1138
Idaho,Bridges,2019,4493
Illinois,Bridges,2019,26825
Indiana,Bridges,2019,19284
Iowa,Bridges,2019,24043
Kansas,Bridges,2019,24934
Kentucky,Bridges,2019,14394
Louisiana,Bridges,2019,12884
Maine,Bridges,2019,2461
Maryland,Bridges,2019,5402
Massachusetts,Bridges,2019,5233
Michigan,Bridges,2019,11244
Minnesota,Bridges,2019,13346
Mississippi,Bridges,2019,17019
Missouri,Bridges,2019,24494
Montana,Bridges,2019,5278
Nebraska,Bridges,2019,15332
Nevada,Bridges,2019,2029
New Hampshire,Bridges,2019,2502
New Jersey,Bridges,2019,6786
New Mexico,Bridges,2019,4014
New York,Bridges,2019,17540
North Carolina,Bridges,2019,18407
North Dakota,Bridges,2019,4329
Ohio,Bridges,2019,27167
Oklahoma,Bridges,2019,23138
Oregon,Bridges,2019,8211
Pennsylvania,Bridges,2019,22911
Rhode Island,Bridges,2019,779
South Carolina,Bridges,2019,9419
South Dakota,Bridges,2019,5821
Tennessee,Bridges,2019,20226
Texas,Bridges,2019,54432
Utah,Bridges,2019,3063
Vermont,Bridges,2019,2818
Virginia,Bridges,2019,13933
Washington,Bridges,2019,8300
West Virginia,Bridges,2019,7291
Wisconsin,Bridges,2019,14249
Wyoming,Bridges,2019,3114
Guam,Bridges,2019,10
Puerto Rico,Bridges,2019,2315
U.S. Virgin Islands,Bridges,2019,24
United States,Bridges,2019,614735
Alabama,Bridges,2020,16155
Alaska,Bridges,2020,1645
Arizona,Bridges,2020,8428
Arkansas,Bridges,2020,12946
California,Bridges,2020,25763
Colorado,Bridges,2020,8829
Connecticut,Bridges,2020,4357
Delaware,Bridges,2020,882
District of Columbia,Bridges,2020,243
Florida,Bridges,2020,12592
Georgia,Bridges,2020,14964
Hawaii,Bridges,2020,1153
Idaho,Bridges,2020,4522
Illinois,Bridges,2020,26848
Indiana,Bridges,2020,19327
Iowa,Bridges,2020,23982
Kansas,Bridges,2020,24948
Kentucky,Bridges,2020,14422
Louisiana,Bridges,2020,12853
Maine,Bridges,2020,2472
Maryland,Bridges,2020,5430
Massachusetts,Bridges,2020,5229
Michigan,Bridges,2020,11271
Minnesota,Bridges,2020,13471
Mississippi,Bridges,2020,16878
Missouri,Bridges,2020,24538
Montana,Bridges,2020,5271
Nebraska,Bridges,2020,15348
Nevada,Bridges,2020,2056
New Hampshire,Bridges,2020,2514
New Jersey,Bridges,2020,6801
New Mexico,Bridges,2020,4024
New York,Bridges,2020,17552
North Carolina,Bridges,2020,18749
North Dakota,Bridges,2020,4312
Ohio,Bridges,2020,27072
Oklahoma,Bridges,2020,23155
Oregon,Bridges,2020,8214
Pennsylvania,Bridges,2020,22965
Rhode Island,Bridges,2020,777
South Carolina,Bridges,2020,9455
South Dakota,Bridges,2020,5880
Tennessee,Bridges,2020,20235
Texas,Bridges,2020,54682
Utah,Bridges,2020,3062
Vermont,Bridges,2020,2827
Virginia,Bridges,2020,13963
Washington,Bridges,2020,8338
West Virginia,Bridges,2020,7295
Wisconsin,Bridges,2020,14271
Wyoming,Bridges,2020,3122
Guam,Bridges,2020,10
Puerto Rico,Bridges,2020,2334
U.S. Virgin Islands,Bridges,2020,24
United States,Bridges,2020,616088
Alabama,Bridges,2021,16164
Alaska,Bridges,2021,1632
Arizona,Bridges,2021,8467
Arkansas,Bridges,2021,12941
California,Bridges,2021,25737
Colorado,Bridges,2021,8869
Connecticut,Bridges,2021,4361
Delaware,Bridges,2021,875
District of Columbia,Bridges,2021,246
Florida,Bridges,2021,12680
Georgia,Bridges,2021,14987
Hawaii,Bridges,2021,1162
Idaho,Bridges,2021,4561
Illinois,Bridges,2021,26846
Indiana,Bridges,2021,19337
Iowa,Bridges,2021,23870
Kansas,Bridges,2021,24925
Kentucky,Bridges,2021,14410
Louisiana,Bridges,2021,12782
Maine,Bridges,2021,2485
Maryland,Bridges,2021,5446
Massachusetts,Bridges,2021,5245
Michigan,Bridges,2021,11284
Minnesota,Bridges,2021,13496
Mississippi,Bridges,2021,16788
Missouri,Bridges,2021,24590
Montana,Bridges,2021,5266
Nebraska,Bridges,2021,15348
Nevada,Bridges,2021,2067
New Hampshire,Bridges,2021,2527
New Jersey,Bridges,2021,6798
New Mexico,Bridges,2021,4025
New York,Bridges,2021,17555
North Carolina,Bridges,2021,18877
North Dakota,Bridges,2021,4285
Ohio,Bridges,2021,27151
Oklahoma,Bridges,2021,23220
Oregon,Bridges,2021,8235
Pennsylvania,Bridges,2021,23166
Rhode Island,Bridges,2021,779
South Carolina,Bridges,2021,9395
South Dakota,Bridges,2021,5886
Tennessee,Bridges,2021,20331
Texas,Bridges,2021,55175
Utah,Bridges,2021,3056
Vermont,Bridges,2021,2836
Virginia,Bridges,2021,13997
Washington,Bridges,2021,8358
West Virginia,Bridges,2021,7314
Wisconsin,Bridges,2021,14307
Wyoming,Bridges,2021,3114
Guam,Bridges,2021,10
Puerto Rico,Bridges,2021,2334
U.S. Virgin Islands,Bridges,2021,24
United States,Bridges,2021,617254
Alabama,Bridges,2022,16162
Alaska,Bridges,2022,1626
Arizona,Bridges,2022,8497
Arkansas,Bridges,2022,12955
California,Bridges,2022,25810
Colorado,Bridges,2022,8917
Connecticut,Bridges,2022,4353
Delaware,Bridges,2022,872
District of Columbia,Bridges,2022,248
Florida,Bridges,2022,12740
Georgia,Bridges,2022,15034
Hawaii,Bridges,2022,1177
Idaho,Bridges,2022,4579
Illinois,Bridges,2022,26873
Indiana,Bridges,2022,19367
Iowa,Bridges,2022,23835
Kansas,Bridges,2022,24931
Kentucky,Bridges,2022,14482
Louisiana,Bridges,2022,12733
Maine,Bridges,2022,2505
Maryland,Bridges,2022,5456
Massachusetts,Bridges,2022,5252
Michigan,Bridges,2022,11314
Minnesota,Bridges,2022,13497
Mississippi,Bridges,2022,16782
Missouri,Bridges,2022,24569
Montana,Bridges,2022,5278
Nebraska,Bridges,2022,15336
Nevada,Bridges,2022,2071
New Hampshire,Bridges,2022,2531
New Jersey,Bridges,2022,6805
New Mexico,Bridges,2022,4033
New York,Bridges,2022,17557
North Carolina,Bridges,2022,18822
North Dakota,Bridges,2022,4281
Ohio,Bridges,2022,27003
Oklahoma,Bridges,2022,23197
Oregon,Bridges,2022,8255
Pennsylvania,Bridges,2022,23202
Rhode Island,Bridges,2022,784
South Carolina,Bridges,2022,9427
South Dakota,Bridges,2022,5897
Tennessee,Bridges,2022,20377
Texas,Bridges,2022,55701
Utah,Bridges,2022,3080
Vermont,Bridges,2022,2846
Virginia,Bridges,2022,14042
Washington,Bridges,2022,8388
West Virginia,Bridges,2022,7317
Wisconsin,Bridges,2022,14336
Wyoming,Bridges,2022,3121
Guam,Bridges,2022,57
Puerto Rico,Bridges,2022,2335
U.S. Virgin Islands,Bridges,2022,24
United States,Bridges,2022,618253
Alabama,Bridges,2023,16176
Alaska,Bridges,2023,1675
Arizona,Bridges,2023,8544
Arkansas,Bridges,2023,12962
California,Bridges,2023,25818
Colorado,Bridges,2023,8954
Connecticut,Bridges,2023,4362
Delaware,Bridges,2023,874
District of Columbia,Bridges,2023,252
Florida,Bridges,2023,12881
Georgia,Bridges,2023,15058
Hawaii,Bridges,2023,1190
Idaho,Bridges,2023,4588
Illinois,Bridges,2023,26873
Indiana,Bridges,2023,19381
Iowa,Bridges,2023,23720
Kansas,Bridges,2023,24907
Kentucky,Bridges,2023,14493
Louisiana,Bridges,2023,12717
Maine,Bridges,2023,2521
Maryland,Bridges,2023,5473
Massachusetts,Bridges,2023,5281
Michigan,Bridges,2023,11341
Minnesota,Bridges,2023,13502
Mississippi,Bridges,2023,16756
Missouri,Bridges,2023,24617
Montana,Bridges,2023,5218
Nebraska,Bridges,2023,15348
Nevada,Bridges,2023,2090
New Hampshire,Bridges,2023,2537
New Jersey,Bridges,2023,6820
New Mexico,Bridges,2023,4037
New York,Bridges,2023,17573
North Carolina,Bridges,2023,18817
North Dakota,Bridges,2023,4280
Ohio,Bridges,2023,26960
Oklahoma,Bridges,2023,22872
Oregon,Bridges,2023,8292
Pennsylvania,Bridges,2023,23257
Rhode Island,Bridges,2023,782
South Carolina,Bridges,2023,9481
South Dakota,Bridges,2023,5889
Tennessee,Bridges,2023,20373
Texas,Bridges,2023,56313
Utah,Bridges,2023,3109
Vermont,Bridges,2023,2856
Virginia,Bridges,2023,14068
Washington,Bridges,2023,8421
West Virginia,Bridges,2023,7323
Wisconsin,Bridges,2023,14412
Wyoming,Bridges,2023,3131
Guam,Bridges,2023,47
Puerto Rico,Bridges,2023,2335
U.S. Virgin Islands,Bridges,2023,24
United States,Bridges,2023,621581
Alabama,Bridges,2024,16205
Alaska,Bridges,2024,1685
Arizona,Bridges,2024,8573
Arkansas,Bridges,2024,12974
California,Bridges,2024,25848
Colorado,Bridges,2024,8965
Connecticut,Bridges,2024,4365
Delaware,Bridges,2024,872
District of Columbia,Bridges,2024,257
Florida,Bridges,2024,13036
Georgia,Bridges,2024,15069
Hawaii,Bridges,2024,1195
Idaho,Bridges,2024,4616
Illinois,Bridges,2024,26928
Indiana,Bridges,2024,19495
Iowa,Bridges,2024,23719
Kansas,Bridges,2024,24894
Kentucky,Bridges,2024,14548
Louisiana,Bridges,2024,12698
Maine,Bridges,2024,2518
Maryland,Bridges,2024,5484
Massachusetts,Bridges,2024,5296
Michigan,Bridges,2024,11371
Minnesota,Bridges,2024,13532
Mississippi,Bridges,2024,16739
Missouri,Bridges,2024,24618
Montana,Bridges,2024,5224
Nebraska,Bridges,2024,15398
Nevada,Bridges,2024,2099
New Hampshire,Bridges,2024,2542
New Jersey,Bridges,2024,6827
New Mexico,Bridges,2024,4035
New York,Bridges,2024,17642
North Carolina,Bridges,2024,19210
North Dakota,Bridges,2024,4255
Ohio,Bridges,2024,26729
Oklahoma,Bridges,2024,22917
Oregon,Bridges,2024,8305
Pennsylvania,Bridges,2024,23299
Rhode Island,Bridges,2024,783
South Carolina,Bridges,2024,9490
South Dakota,Bridges,2024,5887
Tennessee,Bridges,2024,20379
Texas,Bridges,2024,56729
Utah,Bridges,2024,3125
Vermont,Bridges,2024,2862
Virginia,Bridges,2024,14121
Washington,Bridges,2024,8474
West Virginia,Bridges,2024,7348
Wisconsin,Bridges,2024,14446
Wyoming,Bridges,2024,3136
Guam,Bridges,2024,47
Puerto Rico,Bridges,2024,2385
U.S. Virgin Islands,Bridges,2024,24
United States,Bridges,2024,623218
Alabama,Miles of freight railroad,2010,3254
Alaska,Miles of freight railroad,2010,506
Arizona,Miles of freight railroad,2010,1683
Arkansas,Miles of freight railroad,2010,2797
California,Miles of freight railroad,2010,5307
Colorado,Miles of freight railroad,2010,2688
Connecticut,Miles of freight railroad,2010,364
Delaware,Miles of freight railroad,2010,227
District of Columbia,Miles of freight railroad,2010,23
Florida,Miles of freight railroad,2010,2907
Georgia,Miles of freight railroad,2010,4679
Hawaii,Miles of freight railroad,2010,0
Idaho,Miles of freight railroad,2010,1627
Illinois,Miles of freight railroad,2010,7028
Indiana,Miles of freight railroad,2010,4273
Iowa,Miles of freight railroad,2010,3897
Kansas,Miles of freight railroad,2010,4891
Kentucky,Miles of freight railroad,2010,2526
Louisiana,Miles of freight railroad,2010,2858
Maine,Miles of freight railroad,2010,896
Maryland,Miles of freight railroad,2010,755
Massachusetts,Miles of freight railroad,2010,896
Michigan,Miles of freight railroad,2010,3634
Minnesota,Miles of freight railroad,2010,4521
Mississippi,Miles of freight railroad,2010,2454
Missouri,Miles of freight railroad,2010,4019
Montana,Miles of freight railroad,2010,3173
Nebraska,Miles of freight railroad,2010,3236
Nevada,Miles of freight railroad,2010,1192
New Hampshire,Miles of freight railroad,2010,426
New Jersey,Miles of freight railroad,2010,983
New Mexico,Miles of freight railroad,2010,1835
New York,Miles of freight railroad,2010,3479
North Carolina,Miles of freight railroad,2010,3245
North Dakota,Miles of freight railroad,2010,3346
Ohio,Miles of freight railroad,2010,5303
Oklahoma,Miles of freight railroad,2010,3273
Oregon,Miles of freight railroad,2010,2395
Pennsylvania,Miles of freight railroad,2010,5071
Rhode Island,Miles of freight railroad,2010,19
South Carolina,Miles of freight railroad,2010,2293
South Dakota,Miles of freight railroad,2010,1754
Tennessee,Miles of freight railroad,2010,2656
Texas,Miles of freight railroad,2010,10384
United States,Miles of freight railroad,2010,138623
Utah,Miles of freight railroad,2010,1356
Vermont,Miles of freight railroad,2010,590
Virginia,Miles of freight railroad,2010,3214
Washington,Miles of freight railroad,2010,3215
West Virginia,Miles of freight railroad,2010,2228
Wisconsin,Miles of freight railroad,2010,3387
Wyoming,Miles of freight railroad,2010,1860
Alabama,Miles of freight railroad,2011,3255
Alaska,Miles of freight railroad,2011,506
Arizona,Miles of freight railroad,2011,1645
Arkansas,Miles of freight railroad,2011,2698
California,Miles of freight railroad,2011,5327
Colorado,Miles of freight railroad,2011,2667
Connecticut,Miles of freight railroad,2011,364
Delaware,Miles of freight railroad,2011,250
District of Columbia,Miles of freight railroad,2011,23
Florida,Miles of freight railroad,2011,2902
Georgia,Miles of freight railroad,2011,4666
Hawaii,Miles of freight railroad,2011,0
Idaho,Miles of freight railroad,2011,1622
Illinois,Miles of freight railroad,2011,7027
Indiana,Miles of freight railroad,2011,4273
Iowa,Miles of freight railroad,2011,3855
Kansas,Miles of freight railroad,2011,4855
Kentucky,Miles of freight railroad,2011,2562
Louisiana,Miles of freight railroad,2011,2912
Maine,Miles of freight railroad,2011,1116
Maryland,Miles of freight railroad,2011,762
Massachusetts,Miles of freight railroad,2011,892
Michigan,Miles of freight railroad,2011,3632
Minnesota,Miles of freight railroad,2011,4449
Mississippi,Miles of freight railroad,2011,2432
Missouri,Miles of freight railroad,2011,3958
Montana,Miles of freight railroad,2011,3172
Nebraska,Miles of freight railroad,2011,3247
Nevada,Miles of freight railroad,2011,1192
New Hampshire,Miles of freight railroad,2011,344
New Jersey,Miles of freight railroad,2011,983
New Mexico,Miles of freight railroad,2011,1835
New York,Miles of freight railroad,2011,3532
North Carolina,Miles of freight railroad,2011,3245
North Dakota,Miles of freight railroad,2011,3328
Ohio,Miles of freight railroad,2011,5338
Oklahoma,Miles of freight railroad,2011,3273
Oregon,Miles of freight railroad,2011,2396
Pennsylvania,Miles of freight railroad,2011,5127
Rhode Island,Miles of freight railroad,2011,19
South Carolina,Miles of freight railroad,2011,2292
South Dakota,Miles of freight railroad,2011,1754
Tennessee,Miles of freight railroad,2011,2651
Texas,Miles of freight railroad,2011,10425
United States,Miles of freight railroad,2011,138565
Utah,Miles of freight railroad,2011,1343
Vermont,Miles of freight railroad,2011,590
Virginia,Miles of freight railroad,2011,3214
Washington,Miles of freight railroad,2011,3157
West Virginia,Miles of freight railroad,2011,2213
Wisconsin,Miles of freight railroad,2011,3385
Wyoming,Miles of freight railroad,2011,1860
Alabama,Miles of freight railroad,2012,3194
Alaska,Miles of freight railroad,2012,506
Arizona,Miles of freight railroad,2012,1643
Arkansas,Miles of freight railroad,2012,2698
California,Miles of freight railroad,2012,5295
Colorado,Miles of freight railroad,2012,2662
Connecticut,Miles of freight railroad,2012,364
Delaware,Miles of freight railroad,2012,250
District of Columbia,Miles of freight railroad,2012,20
Florida,Miles of freight railroad,2012,2900
Georgia,Miles of freight railroad,2012,4653
Hawaii,Miles of freight railroad,2012,0
Idaho,Miles of freight railroad,2012,1623
Illinois,Miles of freight railroad,2012,6986
Indiana,Miles of freight railroad,2012,4075
Iowa,Miles of freight railroad,2012,3869
Kansas,Miles of freight railroad,2012,4855
Kentucky,Miles of freight railroad,2012,2608
Louisiana,Miles of freight railroad,2012,2927
Maine,Miles of freight railroad,2012,1116
Maryland,Miles of freight railroad,2012,758
Massachusetts,Miles of freight railroad,2012,973
Michigan,Miles of freight railroad,2012,3542
Minnesota,Miles of freight railroad,2012,4450
Mississippi,Miles of freight railroad,2012,2452
Missouri,Miles of freight railroad,2012,3957
Montana,Miles of freight railroad,2012,3200
Nebraska,Miles of freight railroad,2012,3375
Nevada,Miles of freight railroad,2012,1192
New Hampshire,Miles of freight railroad,2012,344
New Jersey,Miles of freight railroad,2012,981
New Mexico,Miles of freight railroad,2012,1837
New York,Miles of freight railroad,2012,3447
North Carolina,Miles of freight railroad,2012,3258
North Dakota,Miles of freight railroad,2012,3330
Ohio,Miles of freight railroad,2012,5288
Oklahoma,Miles of freight railroad,2012,3273
Oregon,Miles of freight railroad,2012,2396
Pennsylvania,Miles of freight railroad,2012,5151
Rhode Island,Miles of freight railroad,2012,19
South Carolina,Miles of freight railroad,2012,2311
South Dakota,Miles of freight railroad,2012,1753
Tennessee,Miles of freight railroad,2012,2649
Texas,Miles of freight railroad,2012,10469
United States,Miles of freight railroad,2012,138524
Utah,Miles of freight railroad,2012,1343
Vermont,Miles of freight railroad,2012,590
Virginia,Miles of freight railroad,2012,3215
Washington,Miles of freight railroad,2012,3192
West Virginia,Miles of freight railroad,2012,2226
Wisconsin,Miles of freight railroad,2012,3449
Wyoming,Miles of freight railroad,2012,1860
Alabama,Miles of freight railroad,2015,3211
Alaska,Miles of freight railroad,2015,470
Arizona,Miles of freight railroad,2015,1780
Arkansas,Miles of freight railroad,2015,2417
California,Miles of freight railroad,2015,4803
Colorado,Miles of freight railroad,2015,2452
Connecticut,Miles of freight railroad,2015,438
Delaware,Miles of freight railroad,2015,367
District of Columbia,Miles of freight railroad,2015,23
Florida,Miles of freight railroad,2015,2818
Georgia,Miles of freight railroad,2015,4422
Hawaii,Miles of freight railroad,2015,0
Idaho,Miles of freight railroad,2015,1604
Illinois,Miles of freight railroad,2015,7119
Indiana,Miles of freight railroad,2015,4274
Iowa,Miles of freight railroad,2015,3818
Kansas,Miles of freight railroad,2015,4768
Kentucky,Miles of freight railroad,2015,2608
Louisiana,Miles of freight railroad,2015,3041
Maine,Miles of freight railroad,2015,1091
Maryland,Miles of freight railroad,2015,937
Massachusetts,Miles of freight railroad,2015,1327
Michigan,Miles of freight railroad,2015,3234
Minnesota,Miles of freight railroad,2015,4292
Mississippi,Miles of freight railroad,2015,2384
Missouri,Miles of freight railroad,2015,3858
Montana,Miles of freight railroad,2015,3781
Nebraska,Miles of freight railroad,2015,3228
Nevada,Miles of freight railroad,2015,1193
New Hampshire,Miles of freight railroad,2015,489
New Jersey,Miles of freight railroad,2015,984
New Mexico,Miles of freight railroad,2015,1860
New York,Miles of freight railroad,2015,3378
North Carolina,Miles of freight railroad,2015,2879
North Dakota,Miles of freight railroad,2015,3389
Ohio,Miles of freight railroad,2015,4903
Oklahoma,Miles of freight railroad,2015,3196
Oregon,Miles of freight railroad,2015,2423
Pennsylvania,Miles of freight railroad,2015,5165
Rhode Island,Miles of freight railroad,2015,60
South Carolina,Miles of freight railroad,2015,2277
South Dakota,Miles of freight railroad,2015,1736
Tennessee,Miles of freight railroad,2015,2598
Texas,Miles of freight railroad,2015,10539
United States,Miles of freight railroad,2015,137468
Utah,Miles of freight railroad,2015,1351
Vermont,Miles of freight railroad,2015,613
Virginia,Miles of freight railroad,2015,3123
Washington,Miles of freight railroad,2015,3056
West Virginia,Miles of freight railroad,2015,2376
Wisconsin,Miles of freight railroad,2015,3438
Wyoming,Miles of freight railroad,2015,1877
Alabama,Miles of freight railroad,2017,3272
Alaska,Miles of freight railroad,2017,506
Arizona,Miles of freight railroad,2017,1820
Arkansas,Miles of freight railroad,2017,2505
California,Miles of freight railroad,2017,4828
Colorado,Miles of freight railroad,2017,2427
Connecticut,Miles of freight railroad,2017,522
Delaware,Miles of freight railroad,2017,243
District of Columbia,Miles of freight railroad,2017,22
Florida,Miles of freight railroad,2017,2851
Georgia,Miles of freight railroad,2017,4607
Hawaii,Miles of freight railroad,2017,0
Idaho,Miles of freight railroad,2017,1729
Illinois,Miles of freight railroad,2017,7151
Indiana,Miles of freight railroad,2017,3786
Iowa,Miles of freight railroad,2017,3834
Kansas,Miles of freight railroad,2017,4675
Kentucky,Miles of freight railroad,2017,2624
Louisiana,Miles of freight railroad,2017,2940
Maine,Miles of freight railroad,2017,1077
Maryland,Miles of freight railroad,2017,769
Massachusetts,Miles of freight railroad,2017,1057
Michigan,Miles of freight railroad,2017,2417
Minnesota,Miles of freight railroad,2017,4258
Mississippi,Miles of freight railroad,2017,2455
Missouri,Miles of freight railroad,2017,3862
Montana,Miles of freight railroad,2017,3719
Nebraska,Miles of freight railroad,2017,3117
Nevada,Miles of freight railroad,2017,1193
New Hampshire,Miles of freight railroad,2017,354
New Jersey,Miles of freight railroad,2017,952
New Mexico,Miles of freight railroad,2017,1879
New York,Miles of freight railroad,2017,3279
North Carolina,Miles of freight railroad,2017,3161
North Dakota,Miles of freight railroad,2017,3287
Ohio,Miles of freight railroad,2017,5132
Oklahoma,Miles of freight railroad,2017,3158
Oregon,Miles of freight railroad,2017,2382
Pennsylvania,Miles of freight railroad,2017,5130
Rhode Island,Miles of freight railroad,2017,58
South Carolina,Miles of freight railroad,2017,2278
South Dakota,Miles of freight railroad,2017,2029
Tennessee,Miles of freight railroad,2017,2552
Texas,Miles of freight railroad,2017,10506
Utah,Miles of freight railroad,2017,1386
Vermont,Miles of freight railroad,2017,578
Virginia,Miles of freight railroad,2017,3141
Washington,Miles of freight railroad,2017,3032
West Virginia,Miles of freight railroad,2017,2214
Wisconsin,Miles of freight railroad,2017,3253
Wyoming,Miles of freight railroad,2017,1890
United States,Miles of freight railroad,2017,136898
Alabama,Miles of freight railroad,2019,3227
Alaska,Miles of freight railroad,2019,506
Arizona,Miles of freight railroad,2019,1759
Arkansas,Miles of freight railroad,2019,2552
California,Miles of freight railroad,2019,4971
Colorado,Miles of freight railroad,2019,2636
Connecticut,Miles of freight railroad,2019,577
Delaware,Miles of freight railroad,2019,236
District of Columbia,Miles of freight railroad,2019,17
Florida,Miles of freight railroad,2019,2782
Georgia,Miles of freight railroad,2019,4521
Idaho,Miles of freight railroad,2019,1638
Illinois,Miles of freight railroad,2019,6883
Indiana,Miles of freight railroad,2019,4041
Iowa,Miles of freight railroad,2019,3828
Kansas,Miles of freight railroad,2019,4652
Kentucky,Miles of freight railroad,2019,2583
Louisiana,Miles of freight railroad,2019,2971
Maine,Miles of freight railroad,2019,1072
Maryland,Miles of freight railroad,2019,772
Massachusetts,Miles of freight railroad,2019,1000
Michigan,Miles of freight railroad,2019,3465
Minnesota,Miles of freight railroad,2019,4233
Mississippi,Miles of freight railroad,2019,2507
Missouri,Miles of freight railroad,2019,3762
Montana,Miles of freight railroad,2019,3657
Nebraska,Miles of freight railroad,2019,3062
Nevada,Miles of freight railroad,2019,1193
New Hampshire,Miles of freight railroad,2019,369
New Jersey,Miles of freight railroad,2019,1039
New Mexico,Miles of freight railroad,2019,1873
New York,Miles of freight railroad,2019,3685
North Carolina,Miles of freight railroad,2019,2847
North Dakota,Miles of freight railroad,2019,3223
Ohio,Miles of freight railroad,2019,5330
Oklahoma,Miles of freight railroad,2019,3197
Oregon,Miles of freight railroad,2019,2308
Pennsylvania,Miles of freight railroad,2019,5189
Rhode Island,Miles of freight railroad,2019,93
South Carolina,Miles of freight railroad,2019,2285
South Dakota,Miles of freight railroad,2019,1822
Tennessee,Miles of freight railroad,2019,2604
Texas,Miles of freight railroad,2019,10460
Utah,Miles of freight railroad,2019,1385
Vermont,Miles of freight railroad,2019,589
Virginia,Miles of freight railroad,2019,3086
Washington,Miles of freight railroad,2019,2891
West Virginia,Miles of freight railroad,2019,2141
Wisconsin,Miles of freight railroad,2019,3254
Wyoming,Miles of freight railroad,2019,1877
United States,Miles of freight railroad,2019,136650
Alabama,Miles of freight railroad,2020,3227
Alaska,Miles of freight railroad,2020,506
Arizona,Miles of freight railroad,2020,1759
Arkansas,Miles of freight railroad,2020,2552
California,Miles of freight railroad,2020,4971
Colorado,Miles of freight railroad,2020,2636
Connecticut,Miles of freight railroad,2020,577
Delaware,Miles of freight railroad,2020,236
District of Columbia,Miles of freight railroad,2020,17
Florida,Miles of freight railroad,2020,2782
Georgia,Miles of freight railroad,2020,4521
Idaho,Miles of freight railroad,2020,1638
Illinois,Miles of freight railroad,2020,6883
Indiana,Miles of freight railroad,2020,4041
Iowa,Miles of freight railroad,2020,3828
Kansas,Miles of freight railroad,2020,4652
Kentucky,Miles of freight railroad,2020,2583
Louisiana,Miles of freight railroad,2020,2971
Maine,Miles of freight railroad,2020,1072
Maryland,Miles of freight railroad,2020,772
Massachusetts,Miles of freight railroad,2020,1000
Michigan,Miles of freight railroad,2020,3465
Minnesota,Miles of freight railroad,2020,4233
Mississippi,Miles of freight railroad,2020,2507
Missouri,Miles of freight railroad,2020,3762
Montana,Miles of freight railroad,2020,3657
Nebraska,Miles of freight railroad,2020,3062
Nevada,Miles of freight railroad,2020,1193
New Hampshire,Miles of freight railroad,2020,369
New Jersey,Miles of freight railroad,2020,1039
New Mexico,Miles of freight railroad,2020,1873
New York,Miles of freight railroad,2020,3685
North Carolina,Miles of freight railroad,2020,2847
North Dakota,Miles of freight railroad,2020,3223
Ohio,Miles of freight railroad,2020,5330
Oklahoma,Miles of freight railroad,2020,3197
Oregon,Miles of freight railroad,2020,2308
Pennsylvania,Miles of freight railroad,2020,5189
Rhode Island,Miles of freight railroad,2020,93
South Carolina,Miles of freight railroad,2020,2285
South Dakota,Miles of freight railroad,2020,1822
Tennessee,Miles of freight railroad,2020,2604
Texas,Miles of freight railroad,2020,10460
Utah,Miles of freight railroad,2020,1385
Vermont,Miles of freight railroad,2020,589
Virginia,Miles of freight railroad,2020,3086
Washington,Miles of freight railroad,2020,2891
West Virginia,Miles of freight railroad,2020,2141
Wisconsin,Miles of freight railroad,2020,3254
Wyoming,Miles of freight railroad,2020,1877
United States,Miles of freight railroad,2020,136650
Alabama,Miles of freight railroad,2021,3165
Alaska,Miles of freight railroad,2021,506
Arizona,Miles of freight railroad,2021,1724
Arkansas,Miles of freight railroad,2021,2554
California,Miles of freight railroad,2021,4948
Colorado,Miles of freight railroad,2021,2545
Connecticut,Miles of freight railroad,2021,571
Delaware,Miles of freight railroad,2021,230
District of Columbia,Miles of freight railroad,2021,17
Florida,Miles of freight railroad,2021,2716
Georgia,Miles of freight railroad,2021,4538
Idaho,Miles of freight railroad,2021,1654
Illinois,Miles of freight railroad,2021,6768
Indiana,Miles of freight railroad,2021,3946
Iowa,Miles of freight railroad,2021,3827
Kansas,Miles of freight railroad,2021,4748
Kentucky,Miles of freight railroad,2021,2673
Louisiana,Miles of freight railroad,2021,3001
Maine,Miles of freight railroad,2021,1116
Maryland,Miles of freight railroad,2021,722
Massachusetts,Miles of freight railroad,2021,868
Michigan,Miles of freight railroad,2021,3429
Minnesota,Miles of freight railroad,2021,4373
Mississippi,Miles of freight railroad,2021,2541
Missouri,Miles of freight railroad,2021,3734
Montana,Miles of freight railroad,2021,3680
Nebraska,Miles of freight railroad,2021,3138
Nevada,Miles of freight railroad,2021,1193
New Hampshire,Miles of freight railroad,2021,369
New Jersey,Miles of freight railroad,2021,1087
New Mexico,Miles of freight railroad,2021,1859
New York,Miles of freight railroad,2021,3442
North Carolina,Miles of freight railroad,2021,3125
North Dakota,Miles of freight railroad,2021,3223
Ohio,Miles of freight railroad,2021,5139
Oklahoma,Miles of freight railroad,2021,3222
Oregon,Miles of freight railroad,2021,2369
Pennsylvania,Miles of freight railroad,2021,5228
Rhode Island,Miles of freight railroad,2021,143
South Carolina,Miles of freight railroad,2021,2191
South Dakota,Miles of freight railroad,2021,1868
Tennessee,Miles of freight railroad,2021,2730
Texas,Miles of freight railroad,2021,10370
Utah,Miles of freight railroad,2021,1388
Vermont,Miles of freight railroad,2021,607
Virginia,Miles of freight railroad,2021,3050
Washington,Miles of freight railroad,2021,2867
West Virginia,Miles of freight railroad,2021,2123
Wisconsin,Miles of freight railroad,2021,3482
Wyoming,Miles of freight railroad,2021,1860
United States,Miles of freight railroad,2021,136667
Alabama,Miles of public road,2010,101574.634
Alaska,Miles of public road,2010,16302.807
Arizona,Miles of public road,2010,64308.416
Arkansas,Miles of public road,2010,100068.32
California,Miles of public road,2010,172138.66
Colorado,Miles of public road,2010,88352.834
Connecticut,Miles of public road,2010,21390.72
Delaware,Miles of public road,2010,6337.2
District of Columbia,Miles of public road,2010,1503.04
Florida,Miles of public road,2010,121701.907
Georgia,Miles of public road,2010,122916.67
Hawaii,Miles of public road,2010,4394.513
Idaho,Miles of public road,2010,48770.622
Illinois,Miles of public road,2010,139518.96
Indiana,Miles of public road,2010,96987.622
Iowa,Miles of public road,2010,114382.799
Kansas,Miles of public road,2010,140652.979
Kentucky,Miles of public road,2010,79183.859
Louisiana,Miles of public road,2010,61327.349
Maine,Miles of public road,2010,22863.75
Maryland,Miles of public road,2010,31526.108
Massachusetts,Miles of public road,2010,36247.815
Michigan,Miles of public road,2010,121968.657
Minnesota,Miles of public road,2010,138163.857
Mississippi,Miles of public road,2010,75080.478
Missouri,Miles of public road,2010,130359.559
Montana,Miles of public road,2010,74793.141
Nebraska,Miles of public road,2010,93653.267
Nevada,Miles of public road,2010,35061.125
New Hampshire,Miles of public road,2010,16084.582
New Jersey,Miles of public road,2010,39241.684
New Mexico,Miles of public road,2010,68377.87
New York,Miles of public road,2010,114573.83
North Carolina,Miles of public road,2010,105653.089
North Dakota,Miles of public road,2010,86842.009
Ohio,Miles of public road,2010,123191.883
Oklahoma,Miles of public road,2010,112873.01
Oregon,Miles of public road,2010,59150.88
Pennsylvania,Miles of public road,2010,119685.489
Rhode Island,Miles of public road,2010,6489.979
South Carolina,Miles of public road,2010,66023.682
South Dakota,Miles of public road,2010,82446.894
Tennessee,Miles of public road,2010,94206.959
Texas,Miles of public road,2010,311249.485
United States,Miles of public road,2010,4083767.858
Utah,Miles of public road,2010,45123.747
Vermont,Miles of public road,2010,14436.753
Virginia,Miles of public road,2010,74378.01
Washington,Miles of public road,2010,83822.353
West Virginia,Miles of public road,2010,38625
Wisconsin,Miles of public road,2010,114963.002
Wyoming,Miles of public road,2010,28105
Alabama,Miles of public road,2011,101667.886
Alaska,Miles of public road,2011,16674.651
Arizona,Miles of public road,2011,65091.623
Arkansas,Miles of public road,2011,100082
California,Miles of public road,2011,172201.579
Colorado,Miles of public road,2011,88414.677
Connecticut,Miles of public road,2011,21445.19
Delaware,Miles of public road,2011,6357.59
District of Columbia,Miles of public road,2011,1500.631
Florida,Miles of public road,2011,121758.843
Georgia,Miles of public road,2011,123545.96
Hawaii,Miles of public road,2011,4405.153
Idaho,Miles of public road,2011,48552.666
Illinois,Miles of public road,2011,139498.37
Indiana,Miles of public road,2011,97065.884
Iowa,Miles of public road,2011,114386.923
Kansas,Miles of public road,2011,140512.863
Kentucky,Miles of public road,2011,79220.101
Louisiana,Miles of public road,2011,61634.629
Maine,Miles of public road,2011,22873.81
Maryland,Miles of public road,2011,32320.999
Massachusetts,Miles of public road,2011,36302.716
Michigan,Miles of public road,2011,122085.682
Minnesota,Miles of public road,2011,138701.759
Mississippi,Miles of public road,2011,75118.619
Missouri,Miles of public road,2011,131666.655
Montana,Miles of public road,2011,74880.06
Nebraska,Miles of public road,2011,93599.854
Nevada,Miles of public road,2011,36839.41
New Hampshire,Miles of public road,2011,16076.156
New Jersey,Miles of public road,2011,39212.678
New Mexico,Miles of public road,2011,68384.247
New York,Miles of public road,2011,114592
North Carolina,Miles of public road,2011,105869.228
North Dakota,Miles of public road,2011,86850.713
Ohio,Miles of public road,2011,123247.274
Oklahoma,Miles of public road,2011,112807.88
Oregon,Miles of public road,2011,59148.45
Pennsylvania,Miles of public road,2011,119770.99
Rhode Island,Miles of public road,2011,6484.83
South Carolina,Miles of public road,2011,65997.361
South Dakota,Miles of public road,2011,82459.183
Tennessee,Miles of public road,2011,95492.319
Texas,Miles of public road,2011,312910.634
United States,Miles of public road,2011,4094446.992
Utah,Miles of public road,2011,45634.708
Vermont,Miles of public road,2011,14289.886
Virginia,Miles of public road,2011,74461.262
Washington,Miles of public road,2011,83742.811
West Virginia,Miles of public road,2011,38645.584
Wisconsin,Miles of public road,2011,115018.015
Wyoming,Miles of public road,2011,28253
Alabama,Miles of public road,2012,101811.314
Alaska,Miles of public road,2012,16301.016
Arizona,Miles of public road,2012,65261.58
Arkansas,Miles of public road,2012,100123
California,Miles of public road,2012,175498.762
Colorado,Miles of public road,2012,88524.267
Connecticut,Miles of public road,2012,21431.06
Delaware,Miles of public road,2012,6377.15
District of Columbia,Miles of public road,2012,1501.807
Florida,Miles of public road,2012,121828.79
Georgia,Miles of public road,2012,125522.99
Hawaii,Miles of public road,2012,4415.743
Idaho,Miles of public road,2012,48491.951
Illinois,Miles of public road,2012,144337.33
Indiana,Miles of public road,2012,97288.351
Iowa,Miles of public road,2012,114437.894
Kansas,Miles of public road,2012,140613.72
Kentucky,Miles of public road,2012,79320.603
Louisiana,Miles of public road,2012,61325.694
Maine,Miles of public road,2012,22871
Maryland,Miles of public road,2012,32372
Massachusetts,Miles of public road,2012,36329.707
Michigan,Miles of public road,2012,122050.939
Minnesota,Miles of public road,2012,138832.36
Mississippi,Miles of public road,2012,75181.149
Missouri,Miles of public road,2012,131978.431
Montana,Miles of public road,2012,74904.781
Nebraska,Miles of public road,2012,93797.274
Nevada,Miles of public road,2012,38567
New Hampshire,Miles of public road,2012,16105.129
New Jersey,Miles of public road,2012,39271.789
New Mexico,Miles of public road,2012,68384.058
New York,Miles of public road,2012,114708.8
North Carolina,Miles of public road,2012,106063.075
North Dakota,Miles of public road,2012,86851.022
Ohio,Miles of public road,2012,123281.065
Oklahoma,Miles of public road,2012,112820.68
Oregon,Miles of public road,2012,59262.07
Pennsylvania,Miles of public road,2012,119846.039
Rhode Island,Miles of public road,2012,6480.266
South Carolina,Miles of public road,2012,66243.671
South Dakota,Miles of public road,2012,82535.984
Tennessee,Miles of public road,2012,95522.71
Texas,Miles of public road,2012,313209.842
United States,Miles of public road,2012,4109420.689
Utah,Miles of public road,2012,45890.606
Vermont,Miles of public road,2012,14290.765
Virginia,Miles of public road,2012,74591.452
Washington,Miles of public road,2012,83878.09
West Virginia,Miles of public road,2012,38684
Wisconsin,Miles of public road,2012,115094.536
Wyoming,Miles of public road,2012,28416.377
Alabama,Miles of public road,2013,101837.433
Alaska,Miles of public road,2013,15679.96
Arizona,Miles of public road,2013,66440.5
Arkansas,Miles of public road,2013,101656.23
California,Miles of public road,2013,174988.599
Colorado,Miles of public road,2013,88564.61
Connecticut,Miles of public road,2013,21474.21
Delaware,Miles of public road,2013,6392.98
District of Columbia,Miles of public road,2013,1501.439
Florida,Miles of public road,2013,122087.524
Georgia,Miles of public road,2013,128619.6
Hawaii,Miles of public road,2013,4430.132
Idaho,Miles of public road,2013,48082.265
Illinois,Miles of public road,2013,145708.29
Indiana,Miles of public road,2013,97553.352
Iowa,Miles of public road,2013,114428.852
Kansas,Miles of public road,2013,140686.639
Kentucky,Miles of public road,2013,79597.557
Louisiana,Miles of public road,2013,61427.409
Maine,Miles of public road,2013,22881.81
Maryland,Miles of public road,2013,32422
Massachusetts,Miles of public road,2013,36369.957
Michigan,Miles of public road,2013,122140.686
Minnesota,Miles of public road,2013,138767.328
Mississippi,Miles of public road,2013,75116.115
Missouri,Miles of public road,2013,131899.837
Montana,Miles of public road,2013,74933.219
Nebraska,Miles of public road,2013,93769.566
Nevada,Miles of public road,2013,40139
New Hampshire,Miles of public road,2013,16097.632
New Jersey,Miles of public road,2013,39292.6
New Mexico,Miles of public road,2013,70771.503
New York,Miles of public road,2013,114727.84
North Carolina,Miles of public road,2013,106202.171
North Dakota,Miles of public road,2013,87077.737
Ohio,Miles of public road,2013,123297.239
Oklahoma,Miles of public road,2013,112940.45
Oregon,Miles of public road,2013,71228.34
Pennsylvania,Miles of public road,2013,119936.03
Rhode Island,Miles of public road,2013,6105.981
South Carolina,Miles of public road,2013,66231.974
South Dakota,Miles of public road,2013,82558.096
Tennessee,Miles of public road,2013,95535.529
Texas,Miles of public road,2013,313227.621
United States,Miles of public road,2013,4132152.964
Utah,Miles of public road,2013,46254.256
Vermont,Miles of public road,2013,14265.696
Virginia,Miles of public road,2013,74748.309
Washington,Miles of public road,2013,82447.618
West Virginia,Miles of public road,2013,38749.658
Wisconsin,Miles of public road,2013,115144.724
Wyoming,Miles of public road,2013,29023.861
Alabama,Miles of public road,2014,102017.57
Alaska,Miles of public road,2014,15728.492
Arizona,Miles of public road,2014,65592.927
Arkansas,Miles of public road,2014,102594.93
California,Miles of public road,2014,225530.601
Colorado,Miles of public road,2014,88739.785
Connecticut,Miles of public road,2014,21508.4
Delaware,Miles of public road,2014,6407.39
District of Columbia,Miles of public road,2014,1502.91
Florida,Miles of public road,2014,122391.46
Georgia,Miles of public road,2014,127492.17
Hawaii,Miles of public road,2014,4439.431
Idaho,Miles of public road,2014,48902.097
Illinois,Miles of public road,2014,145760.84
Indiana,Miles of public road,2014,96698.057
Iowa,Miles of public road,2014,114173.281
Kansas,Miles of public road,2014,140476.402
Kentucky,Miles of public road,2014,79727.451
Louisiana,Miles of public road,2014,61419.059
Maine,Miles of public road,2014,22915.9
Maryland,Miles of public road,2014,31983.606
Massachusetts,Miles of public road,2014,36384.016
Michigan,Miles of public road,2014,122284.193
Minnesota,Miles of public road,2014,138767.328
Mississippi,Miles of public road,2014,75792.303
Missouri,Miles of public road,2014,131564.481
Montana,Miles of public road,2014,74982.517
Nebraska,Miles of public road,2014,93868.254
Nevada,Miles of public road,2014,42815
New Hampshire,Miles of public road,2014,16131.52
New Jersey,Miles of public road,2014,39041.42
New Mexico,Miles of public road,2014,68451.73
New York,Miles of public road,2014,114807
North Carolina,Miles of public road,2014,106305.152
North Dakota,Miles of public road,2014,87087.58
Ohio,Miles of public road,2014,122884.502
Oklahoma,Miles of public road,2014,112672.59
Oregon,Miles of public road,2014,73479.48
Pennsylvania,Miles of public road,2014,120038.633
Rhode Island,Miles of public road,2014,6026.656
South Carolina,Miles of public road,2014,76301.07
South Dakota,Miles of public road,2014,82576.102
Tennessee,Miles of public road,2014,95560.676
Texas,Miles of public road,2014,313595.513
United States,Miles of public road,2014,4194257.078
Utah,Miles of public road,2014,46153.116
Vermont,Miles of public road,2014,14238.413
Virginia,Miles of public road,2014,74900.912
Washington,Miles of public road,2014,81416.926
West Virginia,Miles of public road,2014,38759.5
Wisconsin,Miles of public road,2014,115212.274
Wyoming,Miles of public road,2014,28971.807
Alabama,Miles of public road,2015,102019.13
Alaska,Miles of public road,2015,16129.35
Arizona,Miles of public road,2015,66121.91
Arkansas,Miles of public road,2015,102609
California,Miles of public road,2015,195834
Colorado,Miles of public road,2015,88739.81
Connecticut,Miles of public road,2015,21511.76
Delaware,Miles of public road,2015,6415.53
District of Columbia,Miles of public road,2015,1506.69
Florida,Miles of public road,2015,122659.36
Georgia,Miles of public road,2015,128133.52
Hawaii,Miles of public road,2015,4455.08
Idaho,Miles of public road,2015,51162.68
Illinois,Miles of public road,2015,145839.54
Indiana,Miles of public road,2015,96570.64
Iowa,Miles of public road,2015,114441.95
Kansas,Miles of public road,2015,140654.25
Kentucky,Miles of public road,2015,79857.49
Louisiana,Miles of public road,2015,61418.69
Maine,Miles of public road,2015,22911.23
Maryland,Miles of public road,2015,32037.28
Massachusetts,Miles of public road,2015,36422.95
Michigan,Miles of public road,2015,122285.94
Minnesota,Miles of public road,2015,138767.33
Mississippi,Miles of public road,2015,76776.53
Missouri,Miles of public road,2015,131548.57
Montana,Miles of public road,2015,75007.4
Nebraska,Miles of public road,2015,94481.2
Nevada,Miles of public road,2015,43900.17
New Hampshire,Miles of public road,2015,16138.35
New Jersey,Miles of public road,2015,39064.56
New Mexico,Miles of public road,2015,69068.77
New York,Miles of public road,2015,114365.03
North Carolina,Miles of public road,2015,106333.63
North Dakota,Miles of public road,2015,87128.41
Ohio,Miles of public road,2015,122925.65
Oklahoma,Miles of public road,2015,112711.3
Oregon,Miles of public road,2015,73543.72
Pennsylvania,Miles of public road,2015,120090.6
Rhode Island,Miles of public road,2015,6046.17
South Carolina,Miles of public road,2015,76249.89
South Dakota,Miles of public road,2015,82576.12
Tennessee,Miles of public road,2015,95636.64
Texas,Miles of public road,2015,313595.51
United States,Miles of public road,2015,4171910.94
Utah,Miles of public road,2015,46298.6
Vermont,Miles of public road,2015,14252.42
Virginia,Miles of public road,2015,75061.27
Washington,Miles of public road,2015,80338.26
West Virginia,Miles of public road,2015,38770
Wisconsin,Miles of public road,2015,115371.72
Wyoming,Miles of public road,2015,28941.69
Alabama,Miles of public road,2016,101975.36
Alaska,Miles of public road,2016,15528.07
Arizona,Miles of public road,2016,66035.05
Arkansas,Miles of public road,2016,102616.08
California,Miles of public road,2016,180799.99
Colorado,Miles of public road,2016,88827.66
Connecticut,Miles of public road,2016,21530.83
Delaware,Miles of public road,2016,6427.18
District of Columbia,Miles of public road,2016,1508.74
Florida,Miles of public road,2016,122735.79
Georgia,Miles of public road,2016,128235.19
Hawaii,Miles of public road,2016,4468.56
Idaho,Miles of public road,2016,51341.79
Illinois,Miles of public road,2016,145892.44
Indiana,Miles of public road,2016,96615.98
Iowa,Miles of public road,2016,114741.38
Kansas,Miles of public road,2016,142046.82
Kentucky,Miles of public road,2016,79941.62
Louisiana,Miles of public road,2016,61411.23
Maine,Miles of public road,2016,22898.36
Maryland,Miles of public road,2016,32147.39
Massachusetts,Miles of public road,2016,36632.46
Michigan,Miles of public road,2016,122114.81
Minnesota,Miles of public road,2016,138794.4
Mississippi,Miles of public road,2016,77027.04
Missouri,Miles of public road,2016,131807.47
Montana,Miles of public road,2016,73609.95
Nebraska,Miles of public road,2016,94988.47
Nevada,Miles of public road,2016,42582
New Hampshire,Miles of public road,2016,16156.91
New Jersey,Miles of public road,2016,39070.88
New Mexico,Miles of public road,2016,69111.41
New York,Miles of public road,2016,113499.35
North Carolina,Miles of public road,2016,106521.53
North Dakota,Miles of public road,2016,87397.16
Ohio,Miles of public road,2016,122973.8
Oklahoma,Miles of public road,2016,112987.81
Oregon,Miles of public road,2016,73528.95
Pennsylvania,Miles of public road,2016,120445.56
Rhode Island,Miles of public road,2016,6052.45
South Carolina,Miles of public road,2016,76066.68
South Dakota,Miles of public road,2016,82556.8
Tennessee,Miles of public road,2016,95737.17
Texas,Miles of public road,2016,313656.12
United States,Miles of public road,2016,4157291.66
Utah,Miles of public road,2016,46768.75
Vermont,Miles of public road,2016,14253.21
Virginia,Miles of public road,2016,75095.55
Washington,Miles of public road,2016,80392
West Virginia,Miles of public road,2016,38769.99
Wisconsin,Miles of public road,2016,115457.55
Wyoming,Miles of public road,2016,28326.3
Alabama,Miles of public road,2017,101096.97
Alaska,Miles of public road,2017,15534.91
Arizona,Miles of public road,2017,66557.9
Arkansas,Miles of public road,2017,102602.65
California,Miles of public road,2017,176214.24
Colorado,Miles of public road,2017,88818.01
Connecticut,Miles of public road,2017,21543.84
Delaware,Miles of public road,2017,6452.45
District of Columbia,Miles of public road,2017,1513.93
Florida,Miles of public road,2017,122848.47
Georgia,Miles of public road,2017,128355.01
Hawaii,Miles of public road,2017,4476.27
Idaho,Miles of public road,2017,52437.35
Illinois,Miles of public road,2017,145935.68
Indiana,Miles of public road,2017,96790
Iowa,Miles of public road,2017,114637.19
Kansas,Miles of public road,2017,142054.24
Kentucky,Miles of public road,2017,80054.24
Louisiana,Miles of public road,2017,61411.23
Maine,Miles of public road,2017,22860.03
Maryland,Miles of public road,2017,32211
Massachusetts,Miles of public road,2017,36722.66
Michigan,Miles of public road,2017,122036.28
Minnesota,Miles of public road,2017,139448.82
Mississippi,Miles of public road,2017,77445.1
Missouri,Miles of public road,2017,131879
Montana,Miles of public road,2017,73565.85
Nebraska,Miles of public road,2017,95163.06
Nevada,Miles of public road,2017,48234
New Hampshire,Miles of public road,2017,16156.17
New Jersey,Miles of public road,2017,38895.61
New Mexico,Miles of public road,2017,77204.71
New York,Miles of public road,2017,113559.27
North Carolina,Miles of public road,2017,106974.99
North Dakota,Miles of public road,2017,87688.43
Ohio,Miles of public road,2017,122986.5
Oklahoma,Miles of public road,2017,112864.62
Oregon,Miles of public road,2017,79274.52
Pennsylvania,Miles of public road,2017,120520.96
Rhode Island,Miles of public road,2017,6026.9
South Carolina,Miles of public road,2017,77364.09
South Dakota,Miles of public road,2017,82583.85
Tennessee,Miles of public road,2017,95986.28
Texas,Miles of public road,2017,314319.4
Utah,Miles of public road,2017,49289.78
Vermont,Miles of public road,2017,14254.82
Virginia,Miles of public road,2017,75237.98
Washington,Miles of public road,2017,80428.68
West Virginia,Miles of public road,2017,38853.85
Wisconsin,Miles of public road,2017,115547.01
Wyoming,Miles of public road,2017,30429.82
United States,Miles of public road,2017,4183707.24
Alabama,Miles of public road,2018,100962.39
Alaska,Miles of public road,2018,17049.75
Arizona,Miles of public road,2018,66781.7
Arkansas,Miles of public road,2018,102621.77
California,Miles of public road,2018,175589.29
Colorado,Miles of public road,2018,88974.87
Connecticut,Miles of public road,2018,21555.74
Delaware,Miles of public road,2018,6461.12
District of Columbia,Miles of public road,2018,1513.95
Florida,Miles of public road,2018,123099.22
Georgia,Miles of public road,2018,128396.52
Hawaii,Miles of public road,2018,4475.48
Idaho,Miles of public road,2018,56347.37
Illinois,Miles of public road,2018,145975.61
Indiana,Miles of public road,2018,96962.01
Iowa,Miles of public road,2018,114745.09
Kansas,Miles of public road,2018,142200.23
Kentucky,Miles of public road,2018,80179.95
Louisiana,Miles of public road,2018,61416.32
Maine,Miles of public road,2018,22814.98
Maryland,Miles of public road,2018,32268.7
Massachusetts,Miles of public road,2018,36763.1
Michigan,Miles of public road,2018,122164.32
Minnesota,Miles of public road,2018,139590.74
Mississippi,Miles of public road,2018,77476.74
Missouri,Miles of public road,2018,132093.56
Montana,Miles of public road,2018,73572.77
Nebraska,Miles of public road,2018,95262.1
Nevada,Miles of public road,2018,48458
New Hampshire,Miles of public road,2018,16170.54
New Jersey,Miles of public road,2018,38919.42
New Mexico,Miles of public road,2018,77604.73
New York,Miles of public road,2018,113532.61
North Carolina,Miles of public road,2018,107348.4
North Dakota,Miles of public road,2018,88050.05
Ohio,Miles of public road,2018,123014.18
Oklahoma,Miles of public road,2018,116064.62
Oregon,Miles of public road,2018,79265.99
Pennsylvania,Miles of public road,2018,120590.09
Rhode Island,Miles of public road,2018,6012.86
South Carolina,Miles of public road,2018,77991.97
South Dakota,Miles of public road,2018,82501.39
Tennessee,Miles of public road,2018,96115.87
Texas,Miles of public road,2018,314647.5
Utah,Miles of public road,2018,48912.75
Vermont,Miles of public road,2018,14252.72
Virginia,Miles of public road,2018,75368.79
Washington,Miles of public road,2018,80652.79
West Virginia,Miles of public road,2018,38850.16
Wisconsin,Miles of public road,2018,115609
Wyoming,Miles of public road,2018,29665.57
United States,Miles of public road,2018,4195273.99
Alabama,Miles of public road,2019,100684.55
Alaska,Miles of public road,2019,17735.624
Arizona,Miles of public road,2019,66901.124
Arkansas,Miles of public road,2019,102614.972
California,Miles of public road,2019,175555.46
Colorado,Miles of public road,2019,89068.852
Connecticut,Miles of public road,2019,21577.4
Delaware,Miles of public road,2019,6499.03
District of Columbia,Miles of public road,2019,1514.65
Florida,Miles of public road,2019,123104.45
Georgia,Miles of public road,2019,128461.491
Hawaii,Miles of public road,2019,4498.691
Idaho,Miles of public road,2019,52518.763
Illinois,Miles of public road,2019,145966.88
Indiana,Miles of public road,2019,96906
Iowa,Miles of public road,2019,114803.204
Kansas,Miles of public road,2019,140372
Kentucky,Miles of public road,2019,79953.538
Louisiana,Miles of public road,2019,63967.14
Maine,Miles of public road,2019,22818.79
Maryland,Miles of public road,2019,32372.876
Massachusetts,Miles of public road,2019,36790.787
Michigan,Miles of public road,2019,122180.58
Minnesota,Miles of public road,2019,141359.545
Mississippi,Miles of public road,2019,77487.119
Missouri,Miles of public road,2019,132253.619
Montana,Miles of public road,2019,73646.928
Nebraska,Miles of public road,2019,95290.449
Nevada,Miles of public road,2019,47730.69
New Hampshire,Miles of public road,2019,16185.17
New Jersey,Miles of public road,2019,38949.89
New Mexico,Miles of public road,2019,71826.897
New York,Miles of public road,2019,113928.64
North Carolina,Miles of public road,2019,107628.003
North Dakota,Miles of public road,2019,88167.671
Ohio,Miles of public road,2019,123031.393
Oklahoma,Miles of public road,2019,114637.872
Oregon,Miles of public road,2019,79045.06
Pennsylvania,Miles of public road,2019,120713.963
Puerto Rico,Miles of public road,2019,18358.614
Rhode Island,Miles of public road,2019,6004.121
South Carolina,Miles of public road,2019,79233.551
South Dakota,Miles of public road,2019,81969.094
Tennessee,Miles of public road,2019,96167.284
Texas,Miles of public road,2019,315445.424
Utah,Miles of public road,2019,48608.473
Vermont,Miles of public road,2019,14253.503
Virginia,Miles of public road,2019,75347.984
Washington,Miles of public road,2019,80704.33
West Virginia,Miles of public road,2019,38876.998
Wisconsin,Miles of public road,2019,115673.452
Wyoming,Miles of public road,2019,30090.812
United States,Miles of public road,2019,4189483.401
Alabama,Miles of public road,2020,100170.897
Alaska,Miles of public road,2020,17680.928
Arizona,Miles of public road,2020,66968.047
Arkansas,Miles of public road,2020,99246.486
California,Miles of public road,2020,175562.156
Colorado,Miles of public road,2020,89207.321
Connecticut,Miles of public road,2020,21575.04
Delaware,Miles of public road,2020,6525.61
District of Columbia,Miles of public road,2020,1515.913
Florida,Miles of public road,2020,123487.605
Georgia,Miles of public road,2020,128571.803
Hawaii,Miles of public road,2020,4501.037
Idaho,Miles of public road,2020,53281.228
Illinois,Miles of public road,2020,145992.87
Indiana,Miles of public road,2020,97110.087
Iowa,Miles of public road,2020,114838.394
Kansas,Miles of public road,2020,140112.204
Kentucky,Miles of public road,2020,80006.165
Louisiana,Miles of public road,2020,63746.046
Maine,Miles of public road,2020,22851.46
Maryland,Miles of public road,2020,32430.478
Massachusetts,Miles of public road,2020,36815.231
Michigan,Miles of public road,2020,122040.288
Minnesota,Miles of public road,2020,141956.661
Mississippi,Miles of public road,2020,77512.154
Missouri,Miles of public road,2020,132518.842
Montana,Miles of public road,2020,73489.786
Nebraska,Miles of public road,2020,95331.079
Nevada,Miles of public road,2020,47793.433
New Hampshire,Miles of public road,2020,16193.067
New Jersey,Miles of public road,2020,38990.5
New Mexico,Miles of public road,2020,72092.437
New York,Miles of public road,2020,114205.26
North Carolina,Miles of public road,2020,107954.343
North Dakota,Miles of public road,2020,88429.108
Ohio,Miles of public road,2020,122991.748
Oklahoma,Miles of public road,2020,115078.883
Oregon,Miles of public road,2020,78990.7
Pennsylvania,Miles of public road,2020,120845.435
Puerto Rico,Miles of public road,2020,19916.489
Rhode Island,Miles of public road,2020,6024.804
South Carolina,Miles of public road,2020,79189.65
South Dakota,Miles of public road,2020,81697.382
Tennessee,Miles of public road,2020,96181.889
Texas,Miles of public road,2020,316567.47
Utah,Miles of public road,2020,48811.503
Vermont,Miles of public road,2020,14248.412
Virginia,Miles of public road,2020,75527.129
Washington,Miles of public road,2020,81022.207
West Virginia,Miles of public road,2020,38878.899
Wisconsin,Miles of public road,2020,115751.154
Wyoming,Miles of public road,2020,30050.79
United States,Miles of public road,2020,4192478.508
Alabama,Miles of public road,2021,100176.903
Alaska,Miles of public road,2021,17690.421
Arizona,Miles of public road,2021,74782.878
Arkansas,Miles of public road,2021,99331.942
California,Miles of public road,2021,177299.941
Colorado,Miles of public road,2021,89385.084
Connecticut,Miles of public road,2021,21362.59
Delaware,Miles of public road,2021,6543.54
District of Columbia,Miles of public road,2021,1519.528
Florida,Miles of public road,2021,123652.123
Georgia,Miles of public road,2021,125700.532
Hawaii,Miles of public road,2021,4515.025
Idaho,Miles of public road,2021,54031.155
Illinois,Miles of public road,2021,145996.51
Indiana,Miles of public road,2021,97827.134
Iowa,Miles of public road,2021,114878.078
Kansas,Miles of public road,2021,139181.015
Kentucky,Miles of public road,2021,79902.181
Louisiana,Miles of public road,2021,65917.709
Maine,Miles of public road,2021,22838.475
Maryland,Miles of public road,2021,32506.568
Massachusetts,Miles of public road,2021,36830.044
Michigan,Miles of public road,2021,122043.545
Minnesota,Miles of public road,2021,142862.282
Mississippi,Miles of public road,2021,77514.478
Missouri,Miles of public road,2021,132708.186
Montana,Miles of public road,2021,73569.08
Nebraska,Miles of public road,2021,95397.259
Nevada,Miles of public road,2021,47191.453
New Hampshire,Miles of public road,2021,16227.688
New Jersey,Miles of public road,2021,38781.432
New Mexico,Miles of public road,2021,72179.019
New York,Miles of public road,2021,114401.81
North Carolina,Miles of public road,2021,108073.881
North Dakota,Miles of public road,2021,88411.62
Ohio,Miles of public road,2021,122787.707
Oklahoma,Miles of public road,2021,115292.518
Oregon,Miles of public road,2021,79417.24
Pennsylvania,Miles of public road,2021,120896.685
Puerto Rico,Miles of public road,2021,19963.728
Rhode Island,Miles of public road,2021,6024.804
South Carolina,Miles of public road,2021,79199.696
South Dakota,Miles of public road,2021,81288.813
Tennessee,Miles of public road,2021,96319.342
Texas,Miles of public road,2021,322152.753
Utah,Miles of public road,2021,48908.347
Vermont,Miles of public road,2021,14247.772
Virginia,Miles of public road,2021,75657.75
Washington,Miles of public road,2021,79426.583
West Virginia,Miles of public road,2021,38836.824
Wisconsin,Miles of public road,2021,115693.765
Wyoming,Miles of public road,2021,30057.873
United States,Miles of public road,2021,4207403.309
Alabama,Miles of public road,2022,98631.977
Alaska,Miles of public road,2022,17636.975
Arizona,Miles of public road,2022,74507.241
Arkansas,Miles of public road,2022,99087.019
California,Miles of public road,2022,182103.142
Colorado,Miles of public road,2022,89550.794
Connecticut,Miles of public road,2022,21367.55
Delaware,Miles of public road,2022,6574.85
District of Columbia,Miles of public road,2022,1520.056
Florida,Miles of public road,2022,123816.635
Georgia,Miles of public road,2022,125762.096
Hawaii,Miles of public road,2022,4523.539
Idaho,Miles of public road,2022,58428.351
Illinois,Miles of public road,2022,146009.98
Indiana,Miles of public road,2022,97190.485
Iowa,Miles of public road,2022,114969.664
Kansas,Miles of public road,2022,139010.928
Kentucky,Miles of public road,2022,79705.247
Louisiana,Miles of public road,2022,65954.972
Maine,Miles of public road,2022,22842.599
Maryland,Miles of public road,2022,32572.073
Massachusetts,Miles of public road,2022,36799.069
Michigan,Miles of public road,2022,122037.609
Minnesota,Miles of public road,2022,143216.793
Mississippi,Miles of public road,2022,77740.721
Missouri,Miles of public road,2022,132646.65
Montana,Miles of public road,2022,74501.754
Nebraska,Miles of public road,2022,95552.263
Nevada,Miles of public road,2022,47348.028
New Hampshire,Miles of public road,2022,16247.026
New Jersey,Miles of public road,2022,38782.62
New Mexico,Miles of public road,2022,72160.617
New York,Miles of public road,2022,114424.321
North Carolina,Miles of public road,2022,108284.691
North Dakota,Miles of public road,2022,88415.841
Ohio,Miles of public road,2022,122883.944
Oklahoma,Miles of public road,2022,115430.277
Oregon,Miles of public road,2022,79145.885
Pennsylvania,Miles of public road,2022,121884.825
Puerto Rico,Miles of public road,2022,19976.847
Rhode Island,Miles of public road,2022,6530.567
South Carolina,Miles of public road,2022,77207.67
South Dakota,Miles of public road,2022,81744.056
Tennessee,Miles of public road,2022,96405.829
Texas,Miles of public road,2022,323364.211
Utah,Miles of public road,2022,49008.124
Vermont,Miles of public road,2022,14223.126
Virginia,Miles of public road,2022,75507.81
Washington,Miles of public road,2022,79507.579
West Virginia,Miles of public road,2022,38843.025
Wisconsin,Miles of public road,2022,115764.523
Wyoming,Miles of public road,2022,30070.458
United States,Miles of public road,2022,4217422.932
Alabama,Miles of inland waterway,2010,1270
Alaska,Miles of inland waterway,2010,5500
Arkansas,Miles of inland waterway,2010,1860
California,Miles of inland waterway,2010,290
Connecticut,Miles of inland waterway,2010,120
Delaware,Miles of inland waterway,2010,100
District of Columbia,Miles of inland waterway,2010,10
Florida,Miles of inland waterway,2010,1540
Georgia,Miles of inland waterway,2010,720
Idaho,Miles of inland waterway,2010,110
Illinois,Miles of inland waterway,2010,1100
Indiana,Miles of inland waterway,2010,350
Iowa,Miles of inland waterway,2010,490
Kansas,Miles of inland waterway,2010,120
Kentucky,Miles of inland waterway,2010,1590
Louisiana,Miles of inland waterway,2010,2820
Maine,Miles of inland waterway,2010,70
Maryland,Miles of inland waterway,2010,530
Massachusetts,Miles of inland waterway,2010,90
Minnesota,Miles of inland waterway,2010,260
Mississippi,Miles of inland waterway,2010,870
Missouri,Miles of inland waterway,2010,1030
Nebraska,Miles of inland waterway,2010,320
New Hampshire,Miles of inland waterway,2010,10
New Jersey,Miles of inland waterway,2010,360
New York,Miles of inland waterway,2010,390
North Carolina,Miles of inland waterway,2010,1150
Ohio,Miles of inland waterway,2010,440
Oklahoma,Miles of inland waterway,2010,150
Oregon,Miles of inland waterway,2010,680
Pennsylvania,Miles of inland waterway,2010,260
Rhode Island,Miles of inland waterway,2010,40
South Carolina,Miles of inland waterway,2010,480
South Dakota,Miles of inland waterway,2010,80
Tennessee,Miles of inland waterway,2010,950
Texas,Miles of inland waterway,2010,830
United States,Miles of inland waterway,2010,29620
Virginia,Miles of inland waterway,2010,670
Washington,Miles of inland waterway,2010,1060
West Virginia,Miles of inland waterway,2010,680
Wisconsin,Miles of inland waterway,2010,230
Alabama,Miles of inland waterway,2011,1270
Alaska,Miles of inland waterway,2011,5500
Arkansas,Miles of inland waterway,2011,1860
California,Miles of inland waterway,2011,290
Connecticut,Miles of inland waterway,2011,120
Delaware,Miles of inland waterway,2011,100
District of Columbia,Miles of inland waterway,2011,10
Florida,Miles of inland waterway,2011,1540
Georgia,Miles of inland waterway,2011,720
Idaho,Miles of inland waterway,2011,110
Illinois,Miles of inland waterway,2011,1100
Indiana,Miles of inland waterway,2011,350
Iowa,Miles of inland waterway,2011,490
Kansas,Miles of inland waterway,2011,120
Kentucky,Miles of inland waterway,2011,1590
Louisiana,Miles of inland waterway,2011,2820
Maine,Miles of inland waterway,2011,70
Maryland,Miles of inland waterway,2011,530
Massachusetts,Miles of inland waterway,2011,90
Minnesota,Miles of inland waterway,2011,260
Mississippi,Miles of inland waterway,2011,870
Missouri,Miles of inland waterway,2011,1030
Nebraska,Miles of inland waterway,2011,320
New Hampshire,Miles of inland waterway,2011,10
New Jersey,Miles of inland waterway,2011,360
New York,Miles of inland waterway,2011,390
North Carolina,Miles of inland waterway,2011,1150
Ohio,Miles of inland waterway,2011,440
Oklahoma,Miles of inland waterway,2011,150
Oregon,Miles of inland waterway,2011,680
Pennsylvania,Miles of inland waterway,2011,260
Rhode Island,Miles of inland waterway,2011,40
South Carolina,Miles of inland waterway,2011,480
South Dakota,Miles of inland waterway,2011,80
Tennessee,Miles of inland waterway,2011,950
Texas,Miles of inland waterway,2011,830
United States,Miles of inland waterway,2011,29620
Virginia,Miles of inland waterway,2011,670
Washington,Miles of inland waterway,2011,1060
West Virginia,Miles of inland waterway,2011,680
Wisconsin,Miles of inland waterway,2011,230
Alabama,Miles of inland waterway,2012,1270
Alaska,Miles of inland waterway,2012,5500
Arkansas,Miles of inland waterway,2012,1860
California,Miles of inland waterway,2012,290
Connecticut,Miles of inland waterway,2012,120
Delaware,Miles of inland waterway,2012,100
District of Columbia,Miles of inland waterway,2012,10
Florida,Miles of inland waterway,2012,1540
Georgia,Miles of inland waterway,2012,720
Idaho,Miles of inland waterway,2012,110
Illinois,Miles of inland waterway,2012,1100
Indiana,Miles of inland waterway,2012,350
Iowa,Miles of inland waterway,2012,490
Kansas,Miles of inland waterway,2012,120
Kentucky,Miles of inland waterway,2012,1590
Louisiana,Miles of inland waterway,2012,2820
Maine,Miles of inland waterway,2012,70
Maryland,Miles of inland waterway,2012,530
Massachusetts,Miles of inland waterway,2012,90
Minnesota,Miles of inland waterway,2012,260
Mississippi,Miles of inland waterway,2012,870
Missouri,Miles of inland waterway,2012,1030
Nebraska,Miles of inland waterway,2012,320
New Hampshire,Miles of inland waterway,2012,10
New Jersey,Miles of inland waterway,2012,360
New York,Miles of inland waterway,2012,390
North Carolina,Miles of inland waterway,2012,1150
Ohio,Miles of inland waterway,2012,440
Oklahoma,Miles of inland waterway,2012,150
Oregon,Miles of inland waterway,2012,680
Pennsylvania,Miles of inland waterway,2012,260
Rhode Island,Miles of inland waterway,2012,40
South Carolina,Miles of inland waterway,2012,480
South Dakota,Miles of inland waterway,2012,80
Tennessee,Miles of inland waterway,2012,950
Texas,Miles of inland waterway,2012,830
United States,Miles of inland waterway,2012,25000
Virginia,Miles of inland waterway,2012,670
Washington,Miles of inland waterway,2012,1060
West Virginia,Miles of inland waterway,2012,680
Wisconsin,Miles of inland waterway,2012,230
Alabama,Miles of inland waterway,2013,1270
Alaska,Miles of inland waterway,2013,5500
Arkansas,Miles of inland waterway,2013,1860
California,Miles of inland waterway,2013,290
Connecticut,Miles of inland waterway,2013,120
Delaware,Miles of inland waterway,2013,100
District of Columbia,Miles of inland waterway,2013,10
Florida,Miles of inland waterway,2013,1540
Georgia,Miles of inland waterway,2013,720
Idaho,Miles of inland waterway,2013,110
Illinois,Miles of inland waterway,2013,1100
Indiana,Miles of inland waterway,2013,350
Iowa,Miles of inland waterway,2013,490
Kansas,Miles of inland waterway,2013,120
Kentucky,Miles of inland waterway,2013,1590
Louisiana,Miles of inland waterway,2013,2820
Maine,Miles of inland waterway,2013,70
Maryland,Miles of inland waterway,2013,530
Massachusetts,Miles of inland waterway,2013,90
Minnesota,Miles of inland waterway,2013,260
Mississippi,Miles of inland waterway,2013,870
Missouri,Miles of inland waterway,2013,1030
Nebraska,Miles of inland waterway,2013,320
New Hampshire,Miles of inland waterway,2013,10
New Jersey,Miles of inland waterway,2013,360
New York,Miles of inland waterway,2013,390
North Carolina,Miles of inland waterway,2013,1150
Ohio,Miles of inland waterway,2013,440
Oklahoma,Miles of inland waterway,2013,150
Oregon,Miles of inland waterway,2013,680
Pennsylvania,Miles of inland waterway,2013,260
Rhode Island,Miles of inland waterway,2013,40
South Carolina,Miles of inland waterway,2013,480
South Dakota,Miles of inland waterway,2013,80
Tennessee,Miles of inland waterway,2013,950
Texas,Miles of inland waterway,2013,830
United States,Miles of inland waterway,2013,25000
Virginia,Miles of inland waterway,2013,670
Washington,Miles of inland waterway,2013,1060
West Virginia,Miles of inland waterway,2013,680
Wisconsin,Miles of inland waterway,2013,230
Alabama,Miles of inland waterway,2014,1270
Alaska,Miles of inland waterway,2014,5500
Arkansas,Miles of inland waterway,2014,1860
California,Miles of inland waterway,2014,290
Connecticut,Miles of inland waterway,2014,120
Delaware,Miles of inland waterway,2014,100
District of Columbia,Miles of inland waterway,2014,10
Florida,Miles of inland waterway,2014,1540
Georgia,Miles of inland waterway,2014,720
Idaho,Miles of inland waterway,2014,110
Illinois,Miles of inland waterway,2014,1100
Indiana,Miles of inland waterway,2014,350
Iowa,Miles of inland waterway,2014,490
Kansas,Miles of inland waterway,2014,120
Kentucky,Miles of inland waterway,2014,1590
Louisiana,Miles of inland waterway,2014,2820
Maine,Miles of inland waterway,2014,70
Maryland,Miles of inland waterway,2014,530
Massachusetts,Miles of inland waterway,2014,90
Minnesota,Miles of inland waterway,2014,260
Mississippi,Miles of inland waterway,2014,870
Missouri,Miles of inland waterway,2014,1030
Nebraska,Miles of inland waterway,2014,320
New Hampshire,Miles of inland waterway,2014,10
New Jersey,Miles of inland waterway,2014,360
New York,Miles of inland waterway,2014,390
North Carolina,Miles of inland waterway,2014,1150
Ohio,Miles of inland waterway,2014,440
Oklahoma,Miles of inland waterway,2014,150
Oregon,Miles of inland waterway,2014,680
Pennsylvania,Miles of inland waterway,2014,260
Rhode Island,Miles of inland waterway,2014,40
South Carolina,Miles of inland waterway,2014,480
South Dakota,Miles of inland waterway,2014,80
Tennessee,Miles of inland waterway,2014,950
Texas,Miles of inland waterway,2014,830
United States,Miles of inland waterway,2014,25000
Virginia,Miles of inland waterway,2014,670
Washington,Miles of inland waterway,2014,1060
West Virginia,Miles of inland waterway,2014,680
Wisconsin,Miles of inland waterway,2014,230
Alabama,Miles of inland waterway,2015,1270
Alaska,Miles of inland waterway,2015,5500
Arkansas,Miles of inland waterway,2015,1860
California,Miles of inland waterway,2015,290
Connecticut,Miles of inland waterway,2015,120
Delaware,Miles of inland waterway,2015,100
District of Columbia,Miles of inland waterway,2015,10
Florida,Miles of inland waterway,2015,1540
Georgia,Miles of inland waterway,2015,720
Idaho,Miles of inland waterway,2015,110
Illinois,Miles of inland waterway,2015,1100
Indiana,Miles of inland waterway,2015,350
Iowa,Miles of inland waterway,2015,490
Kansas,Miles of inland waterway,2015,120
Kentucky,Miles of inland waterway,2015,1590
Louisiana,Miles of inland waterway,2015,2820
Maine,Miles of inland waterway,2015,70
Maryland,Miles of inland waterway,2015,530
Massachusetts,Miles of inland waterway,2015,90
Minnesota,Miles of inland waterway,2015,260
Mississippi,Miles of inland waterway,2015,870
Missouri,Miles of inland waterway,2015,1030
Nebraska,Miles of inland waterway,2015,320
New Hampshire,Miles of inland waterway,2015,10
New Jersey,Miles of inland waterway,2015,360
New York,Miles of inland waterway,2015,390
North Carolina,Miles of inland waterway,2015,1150
Ohio,Miles of inland waterway,2015,440
Oklahoma,Miles of inland waterway,2015,150
Oregon,Miles of inland waterway,2015,680
Pennsylvania,Miles of inland waterway,2015,260
Rhode Island,Miles of inland waterway,2015,40
South Carolina,Miles of inland waterway,2015,480
South Dakota,Miles of inland waterway,2015,80
Tennessee,Miles of inland waterway,2015,950
Texas,Miles of inland waterway,2015,830
United States,Miles of inland waterway,2015,25000
Virginia,Miles of inland waterway,2015,670
Washington,Miles of inland waterway,2015,1060
West Virginia,Miles of inland waterway,2015,680
Wisconsin,Miles of inland waterway,2015,230
Alabama,Miles of inland waterway,2016,1270
Alaska,Miles of inland waterway,2016,5500
Arkansas,Miles of inland waterway,2016,1860
California,Miles of inland waterway,2016,290
Connecticut,Miles of inland waterway,2016,120
Delaware,Miles of inland waterway,2016,100
District of Columbia,Miles of inland waterway,2016,10
Florida,Miles of inland waterway,2016,1540
Georgia,Miles of inland waterway,2016,720
Idaho,Miles of inland waterway,2016,110
Illinois,Miles of inland waterway,2016,1100
Indiana,Miles of inland waterway,2016,350
Iowa,Miles of inland waterway,2016,490
Kansas,Miles of inland waterway,2016,120
Kentucky,Miles of inland waterway,2016,1590
Louisiana,Miles of inland waterway,2016,2820
Maine,Miles of inland waterway,2016,70
Maryland,Miles of inland waterway,2016,530
Massachusetts,Miles of inland waterway,2016,90
Minnesota,Miles of inland waterway,2016,260
Mississippi,Miles of inland waterway,2016,870
Missouri,Miles of inland waterway,2016,1030
Nebraska,Miles of inland waterway,2016,320
New Hampshire,Miles of inland waterway,2016,10
New Jersey,Miles of inland waterway,2016,360
New York,Miles of inland waterway,2016,390
North Carolina,Miles of inland waterway,2016,1150
Ohio,Miles of inland waterway,2016,440
Oklahoma,Miles of inland waterway,2016,150
Oregon,Miles of inland waterway,2016,680
Pennsylvania,Miles of inland waterway,2016,260
Rhode Island,Miles of inland waterway,2016,40
South Carolina,Miles of inland waterway,2016,480
South Dakota,Miles of inland waterway,2016,80
Tennessee,Miles of inland waterway,2016,950
Texas,Miles of inland waterway,2016,830
United States,Miles of inland waterway,2016,25000
Virginia,Miles of inland waterway,2016,670
Washington,Miles of inland waterway,2016,1060
West Virginia,Miles of inland waterway,2016,680
Wisconsin,Miles of inland waterway,2016,230
Alabama,Miles of inland waterway,2017,1270
Alaska,Miles of inland waterway,2017,5500
Arkansas,Miles of inland waterway,2017,1860
California,Miles of inland waterway,2017,290
Connecticut,Miles of inland waterway,2017,120
Delaware,Miles of inland waterway,2017,100
District of Columbia,Miles of inland waterway,2017,10
Florida,Miles of inland waterway,2017,1540
Georgia,Miles of inland waterway,2017,720
Idaho,Miles of inland waterway,2017,110
Illinois,Miles of inland waterway,2017,1100
Indiana,Miles of inland waterway,2017,350
Iowa,Miles of inland waterway,2017,490
Kansas,Miles of inland waterway,2017,120
Kentucky,Miles of inland waterway,2017,1590
Louisiana,Miles of inland waterway,2017,2820
Maine,Miles of inland waterway,2017,70
Maryland,Miles of inland waterway,2017,530
Massachusetts,Miles of inland waterway,2017,90
Minnesota,Miles of inland waterway,2017,260
Mississippi,Miles of inland waterway,2017,870
Missouri,Miles of inland waterway,2017,1030
Nebraska,Miles of inland waterway,2017,320
New Hampshire,Miles of inland waterway,2017,10
New Jersey,Miles of inland waterway,2017,360
New York,Miles of inland waterway,2017,390
North Carolina,Miles of inland waterway,2017,1150
Ohio,Miles of inland waterway,2017,440
Oklahoma,Miles of inland waterway,2017,150
Oregon,Miles of inland waterway,2017,680
Pennsylvania,Miles of inland waterway,2017,260
Rhode Island,Miles of inland waterway,2017,40
South Carolina,Miles of inland waterway,2017,480
South Dakota,Miles of inland waterway,2017,80
Tennessee,Miles of inland waterway,2017,950
Texas,Miles of inland waterway,2017,830
United States,Miles of inland waterway,2017,25000
Virginia,Miles of inland waterway,2017,670
Washington,Miles of inland waterway,2017,1060
West Virginia,Miles of inland waterway,2017,680
Wisconsin,Miles of inland waterway,2017,230
Alabama,Miles of inland waterway,2018,1270
Alaska,Miles of inland waterway,2018,5500
Arkansas,Miles of inland waterway,2018,1860
California,Miles of inland waterway,2018,290
Connecticut,Miles of inland waterway,2018,120
Delaware,Miles of inland waterway,2018,100
District of Columbia,Miles of inland waterway,2018,10
Florida,Miles of inland waterway,2018,1540
Georgia,Miles of inland waterway,2018,720
Idaho,Miles of inland waterway,2018,110
Illinois,Miles of inland waterway,2018,1100
Indiana,Miles of inland waterway,2018,350
Iowa,Miles of inland waterway,2018,490
Kansas,Miles of inland waterway,2018,120
Kentucky,Miles of inland waterway,2018,1590
Louisiana,Miles of inland waterway,2018,2820
Maine,Miles of inland waterway,2018,70
Maryland,Miles of inland waterway,2018,530
Massachusetts,Miles of inland waterway,2018,90
Minnesota,Miles of inland waterway,2018,260
Mississippi,Miles of inland waterway,2018,870
Missouri,Miles of inland waterway,2018,1030
Nebraska,Miles of inland waterway,2018,320
New Hampshire,Miles of inland waterway,2018,10
New Jersey,Miles of inland waterway,2018,360
New York,Miles of inland waterway,2018,390
North Carolina,Miles of inland waterway,2018,1150
Ohio,Miles of inland waterway,2018,440
Oklahoma,Miles of inland waterway,2018,150
Oregon,Miles of inland waterway,2018,680
Pennsylvania,Miles of inland waterway,2018,260
Rhode Island,Miles of inland waterway,2018,40
South Carolina,Miles of inland waterway,2018,480
South Dakota,Miles of inland waterway,2018,80
Tennessee,Miles of inland waterway,2018,950
Texas,Miles of inland waterway,2018,830
Virginia,Miles of inland waterway,2018,670
Washington,Miles of inland waterway,2018,1060
West Virginia,Miles of inland waterway,2018,680
Wisconsin,Miles of inland waterway,2018,230
United States,Miles of inland waterway,2018,25000